,label,links,points,alts,time,PID
0,62007637,"[[51.49658, 9.3862299], [51.49947, 9.3848799]]","[[51.496868217363996, 9.38602223061025]]",[200],2009-06-12 06:12:49,3496
0,62007637,"[[51.49658, 9.3862299], [51.49947, 9.3848799]]","[[51.496682222932606, 9.38615726307034]]",[200],2009-06-12 06:12:54,3496
0,62007637,"[[51.49658, 9.3862299], [51.49947, 9.3848799]]","[[51.496704854071105, 9.38642229884863]]",[201],2009-06-12 06:12:59,3496
0,567329767,"[[51.49658, 9.3862299], [51.4966899, 9.38671], [51.4968, 9.3873199], [51.49701, 9.3880399]]","[[51.4967492781579, 9.38683996908367]]",[201],2009-06-12 06:13:04,3496
0,567329767,"[[51.49658, 9.3862299], [51.4966899, 9.38671], [51.4968, 9.3873199], [51.49701, 9.3880399]]","[[51.4968639425933, 9.38729401677847]]",[199],2009-06-12 06:13:09,3496
0,567329767,"[[51.49658, 9.3862299], [51.4966899, 9.38671], [51.4968, 9.3873199], [51.49701, 9.3880399]]","[[51.4969302434474, 9.387715961784119]]",[198],2009-06-12 06:13:15,3496
0,567329767,"[[51.49658, 9.3862299], [51.4966899, 9.38671], [51.4968, 9.3873199], [51.49701, 9.3880399]]","[[51.4969574846327, 9.38779382966459]]",[198],2009-06-12 06:13:20,3496
0,567329767,"[[51.49658, 9.3862299], [51.4966899, 9.38671], [51.4968, 9.3873199], [51.49701, 9.3880399]]","[[51.4969521202147, 9.3878052290529]]",[197],2009-06-12 06:13:25,3496
0,567329767,"[[51.49658, 9.3862299], [51.4966899, 9.38671], [51.4968, 9.3873199], [51.49701, 9.3880399]]","[[51.496949018910506, 9.387818137183789]]",[196],2009-06-12 06:13:30,3496
0,567329767,"[[51.49658, 9.3862299], [51.4966899, 9.38671], [51.4968, 9.3873199], [51.49701, 9.3880399]]","[[51.496944325044794, 9.387840181589132]]",[196],2009-06-12 06:13:35,3496
0,567329767,"[[51.49658, 9.3862299], [51.4966899, 9.38671], [51.4968, 9.3873199], [51.49701, 9.3880399]]","[[51.4969411399215, 9.3878517486155]]",[197],2009-06-12 06:13:40,3496
0,567329767,"[[51.49658, 9.3862299], [51.4966899, 9.38671], [51.4968, 9.3873199], [51.49701, 9.3880399]]","[[51.4969385415316, 9.3878554366529]]",[197],2009-06-12 06:13:46,3496
0,567329767,"[[51.49658, 9.3862299], [51.4966899, 9.38671], [51.4968, 9.3873199], [51.49701, 9.3880399]]","[[51.4969374518842, 9.38785669393837]]",[197],2009-06-12 06:13:51,3496
0,567329767,"[[51.49658, 9.3862299], [51.4966899, 9.38671], [51.4968, 9.3873199], [51.49701, 9.3880399]]","[[51.4969362784177, 9.38785945996642]]",[197],2009-06-12 06:13:57,3496
0,567329767,"[[51.49658, 9.3862299], [51.4966899, 9.38671], [51.4968, 9.3873199], [51.49701, 9.3880399]]","[[51.4969357755035, 9.38786029815674]]",[197],2009-06-12 06:14:03,3496
0,567329767,"[[51.49658, 9.3862299], [51.4966899, 9.38671], [51.4968, 9.3873199], [51.49701, 9.3880399]]","[[51.496934518218005, 9.38786323182285]]",[197],2009-06-12 06:14:08,3496
0,567329767,"[[51.49658, 9.3862299], [51.4966899, 9.38671], [51.4968, 9.3873199], [51.49701, 9.3880399]]","[[51.4969339314848, 9.387865327298641]]",[197],2009-06-12 06:14:13,3496
0,567329767,"[[51.49658, 9.3862299], [51.4966899, 9.38671], [51.4968, 9.3873199], [51.49701, 9.3880399]]","[[51.496932422742205, 9.387867422774429]]",[197],2009-06-12 06:14:19,3496
0,567329767,"[[51.49658, 9.3862299], [51.4966899, 9.38671], [51.4968, 9.3873199], [51.49701, 9.3880399]]","[[51.496931836009, 9.387868847697971]]",[197],2009-06-12 06:14:25,3496
0,567329767,"[[51.49658, 9.3862299], [51.4966899, 9.38671], [51.4968, 9.3873199], [51.49701, 9.3880399]]","[[51.4969309978187, 9.38786951825023]]",[197],2009-06-12 06:14:31,3496
0,567329767,"[[51.49658, 9.3862299], [51.4966899, 9.38671], [51.4968, 9.3873199], [51.49701, 9.3880399]]","[[51.4969305787236, 9.387870021164419]]",[197],2009-06-12 06:14:35,3496
0,567329767,"[[51.49658, 9.3862299], [51.4966899, 9.38671], [51.4968, 9.3873199], [51.49701, 9.3880399]]","[[51.496930327266504, 9.3878710269928]]",[197],2009-06-12 06:14:41,3496
0,567329767,"[[51.49658, 9.3862299], [51.4966899, 9.38671], [51.4968, 9.3873199], [51.49701, 9.3880399]]","[[51.4969306625426, 9.387872451916339]]",[197],2009-06-12 06:14:47,3496
0,567329767,"[[51.49658, 9.3862299], [51.4966899, 9.38671], [51.4968, 9.3873199], [51.49701, 9.3880399]]","[[51.496930830180595, 9.38787337392569]]",[197],2009-06-12 06:14:52,3496
0,567329767,"[[51.49658, 9.3862299], [51.4966899, 9.38671], [51.4968, 9.3873199], [51.49701, 9.3880399]]","[[51.4969311654568, 9.38787396065891]]",[197],2009-06-12 06:14:56,3496
0,567329767,"[[51.49658, 9.3862299], [51.4966899, 9.38671], [51.4968, 9.3873199], [51.49701, 9.3880399]]","[[51.496931668371, 9.38787479884923]]",[197],2009-06-12 06:15:02,3496
0,567329767,"[[51.49658, 9.3862299], [51.4966899, 9.38671], [51.4968, 9.3873199], [51.49701, 9.3880399]]","[[51.496931836009, 9.387875217944382]]",[197],2009-06-12 06:15:07,3496
0,567329767,"[[51.49658, 9.3862299], [51.4966899, 9.38671], [51.4968, 9.3873199], [51.49701, 9.3880399]]","[[51.4969319198281, 9.387875553220509]]",[197],2009-06-12 06:15:12,3496
0,567329767,"[[51.49658, 9.3862299], [51.4966899, 9.38671], [51.4968, 9.3873199], [51.49701, 9.3880399]]","[[51.4969321712852, 9.387876056134699]]",[197],2009-06-12 06:15:18,3496
0,567329767,"[[51.49658, 9.3862299], [51.4966899, 9.38671], [51.4968, 9.3873199], [51.49701, 9.3880399]]","[[51.4969322551042, 9.38787639141083]]",[197],2009-06-12 06:15:23,3496
0,567329767,"[[51.49658, 9.3862299], [51.4966899, 9.38671], [51.4968, 9.3873199], [51.49701, 9.3880399]]","[[51.4969322551042, 9.38787689432502]]",[197],2009-06-12 06:15:27,3496
0,567329767,"[[51.49658, 9.3862299], [51.4966899, 9.38671], [51.4968, 9.3873199], [51.49701, 9.3880399]]","[[51.496932422742205, 9.387877229601141]]",[197],2009-06-12 06:15:33,3496
0,567329767,"[[51.49658, 9.3862299], [51.4966899, 9.38671], [51.4968, 9.3873199], [51.49701, 9.3880399]]","[[51.49693233892321, 9.387877816334369]]",[197],2009-06-12 06:15:38,3496
0,567329767,"[[51.49658, 9.3862299], [51.4966899, 9.38671], [51.4968, 9.3873199], [51.49701, 9.3880399]]","[[51.496932422742205, 9.387878235429529]]",[197],2009-06-12 06:15:43,3496
0,567329767,"[[51.49658, 9.3862299], [51.4966899, 9.38671], [51.4968, 9.3873199], [51.49701, 9.3880399]]","[[51.49693233892321, 9.38787857070565]]",[197],2009-06-12 06:15:48,3496
0,567329767,"[[51.49658, 9.3862299], [51.4966899, 9.38671], [51.4968, 9.3873199], [51.49701, 9.3880399]]","[[51.49693233892321, 9.38787907361984]]",[197],2009-06-12 06:15:53,3496
0,567329767,"[[51.49658, 9.3862299], [51.4966899, 9.38671], [51.4968, 9.3873199], [51.49701, 9.3880399]]","[[51.4969325903803, 9.38787957653403]]",[197],2009-06-12 06:15:58,3496
0,567329767,"[[51.49658, 9.3862299], [51.4966899, 9.38671], [51.4968, 9.3873199], [51.49701, 9.3880399]]","[[51.4969328418374, 9.38787982799113]]",[197],2009-06-12 06:16:03,3496
0,567329767,"[[51.49658, 9.3862299], [51.4966899, 9.38671], [51.4968, 9.3873199], [51.49701, 9.3880399]]","[[51.496932925656395, 9.387880247086288]]",[197],2009-06-12 06:16:08,3496
0,567329767,"[[51.49658, 9.3862299], [51.4966899, 9.38671], [51.4968, 9.3873199], [51.49701, 9.3880399]]","[[51.496932925656395, 9.38788058236241]]",[198],2009-06-12 06:16:13,3496
0,567329767,"[[51.49658, 9.3862299], [51.4966899, 9.38671], [51.4968, 9.3873199], [51.49701, 9.3880399]]","[[51.496932925656395, 9.38788075000048]]",[198],2009-06-12 06:16:18,3496
0,567329767,"[[51.49658, 9.3862299], [51.4966899, 9.38671], [51.4968, 9.3873199], [51.49701, 9.3880399]]","[[51.496932925656395, 9.387880917638538]]",[198],2009-06-12 06:16:23,3496
0,567329767,"[[51.49658, 9.3862299], [51.4966899, 9.38671], [51.4968, 9.3873199], [51.49701, 9.3880399]]","[[51.4969306625426, 9.38787815161049]]",[197],2009-06-12 06:16:28,3496
0,567329767,"[[51.49658, 9.3862299], [51.4966899, 9.38671], [51.4968, 9.3873199], [51.49701, 9.3880399]]","[[51.4969599992037, 9.38792869448662]]",[196],2009-06-12 06:16:33,3496
0,567329767,"[[51.49658, 9.3862299], [51.4966899, 9.38671], [51.4968, 9.3873199], [51.49701, 9.3880399]]","[[51.4971158187836, 9.38802047632635]]",[197],2009-06-12 06:16:38,3496
0,567329767,"[[51.49658, 9.3862299], [51.4966899, 9.38671], [51.4968, 9.3873199], [51.49701, 9.3880399]]","[[51.49726174771789, 9.38775703310966]]",[202],2009-06-12 06:16:44,3496
0,567329767,"[[51.49658, 9.3862299], [51.4966899, 9.38671], [51.4968, 9.3873199], [51.49701, 9.3880399]]","[[51.4971753302962, 9.387423517182471]]",[200],2009-06-12 06:16:49,3496
0,567329767,"[[51.49658, 9.3862299], [51.4966899, 9.38671], [51.4968, 9.3873199], [51.49701, 9.3880399]]","[[51.4969498571008, 9.387356461957099]]",[199],2009-06-12 06:16:54,3496
0,567329767,"[[51.49658, 9.3862299], [51.4966899, 9.38671], [51.4968, 9.3873199], [51.49701, 9.3880399]]","[[51.4967702329159, 9.38704147003591]]",[198],2009-06-12 06:17:00,3496
0,567329767,"[[51.49658, 9.3862299], [51.4966899, 9.38671], [51.4968, 9.3873199], [51.49701, 9.3880399]]","[[51.49668415077029, 9.386545596644279]]",[199],2009-06-12 06:17:05,3496
0,62007637,"[[51.49658, 9.3862299], [51.49947, 9.3848799]]","[[51.4966936223209, 9.38618022948503]]",[200],2009-06-12 06:17:10,3496
0,62007637,"[[51.49658, 9.3862299], [51.49947, 9.3848799]]","[[51.4966355357319, 9.386133290827269]]",[199],2009-06-12 06:17:15,3496
0,62007637,"[[51.49658, 9.3862299], [51.49947, 9.3848799]]","[[51.4964812248945, 9.3857971765101]]",[201],2009-06-12 06:17:21,3496
0,62007648,"[[51.4962899, 9.38491], [51.49658, 9.3862299]]","[[51.4963823184371, 9.385239277035]]",[205],2009-06-12 06:17:26,3496
0,62007648,"[[51.4962899, 9.38491], [51.49658, 9.3862299]]","[[51.496320543810704, 9.38492327928543]]",[208],2009-06-12 06:17:31,3496
0,62007648,"[[51.4962899, 9.38491], [51.49658, 9.3862299]]","[[51.4965076278895, 9.38486502505839]]",[207],2009-06-12 06:17:35,3496
0,62007648,"[[51.4962899, 9.38491], [51.49658, 9.3862299]]","[[51.49692437611521, 9.38465313054621]]",[208],2009-06-12 06:17:41,3496
0,62007648,"[[51.4962899, 9.38491], [51.49658, 9.3862299]]","[[51.497267531231, 9.38445162959397]]",[211],2009-06-12 06:17:46,3496
0,62007648,"[[51.4962899, 9.38491], [51.49658, 9.3862299]]","[[51.4975834451616, 9.38428876921535]]",[210],2009-06-12 06:17:51,3496
0,78670329,"[[51.4987899, 9.38212], [51.49884, 9.3830799], [51.499, 9.3836099]]","[[51.49772811681029, 9.38423856161535]]",[211],2009-06-12 06:17:56,3496
0,78670329,"[[51.4987899, 9.38212], [51.49884, 9.3830799], [51.499, 9.3836099]]","[[51.49770942516621, 9.384241327643391]]",[211],2009-06-12 06:18:01,3496
0,78670329,"[[51.4987899, 9.38212], [51.49884, 9.3830799], [51.499, 9.3836099]]","[[51.4976858720183, 9.384258929640051]]",[209],2009-06-12 06:18:06,3496
0,78670329,"[[51.4987899, 9.38212], [51.49884, 9.3830799], [51.499, 9.3836099]]","[[51.4976861234754, 9.384262617677448]]",[207],2009-06-12 06:18:11,3496
0,51881672,"[[53.0643099, 8.79034], [53.0650299, 8.79147]]","[[53.0649776291102, 8.7916564475745]]",[42],2009-06-13 11:47:18,4552
0,51881672,"[[53.0643099, 8.79034], [53.0650299, 8.79147]]","[[53.06524308398371, 8.792106136679651]]",[42],2009-06-13 11:47:23,4552
0,51881767,"[[53.0650299, 8.79147], [53.0657462, 8.7926443], [53.06639, 8.7937]]","[[53.06554885581139, 8.79261458292603]]",[42],2009-06-13 11:47:28,4552
0,51881767,"[[53.0650299, 8.79147], [53.0657462, 8.7926443], [53.06639, 8.7937]]","[[53.0658806953579, 8.79314633086324]]",[42],2009-06-13 11:47:33,4552
0,51881767,"[[53.0650299, 8.79147], [53.0657462, 8.7926443], [53.06639, 8.7937]]","[[53.0661107786, 8.79338429309428]]",[42],2009-06-13 11:47:38,4552
0,51881767,"[[53.0650299, 8.79147], [53.0657462, 8.7926443], [53.06639, 8.7937]]","[[53.066112119704506, 8.79340943880379]]",[41],2009-06-13 11:47:43,4552
0,51881767,"[[53.0650299, 8.79147], [53.0657462, 8.7926443], [53.06639, 8.7937]]","[[53.0661043245345, 8.79342829808593]]",[41],2009-06-13 11:47:48,4552
0,51881767,"[[53.0650299, 8.79147], [53.0657462, 8.7926443], [53.06639, 8.7937]]","[[53.0661084316671, 8.79343114793301]]",[42],2009-06-13 11:47:53,4552
0,51881767,"[[53.0650299, 8.79147], [53.0657462, 8.7926443], [53.06639, 8.7937]]","[[53.0661118682474, 8.79342947155237]]",[41],2009-06-13 11:47:58,4552
0,51881767,"[[53.0650299, 8.79147], [53.0657462, 8.7926443], [53.06639, 8.7937]]","[[53.0661351699382, 8.79340591840446]]",[41],2009-06-13 11:48:03,4552
0,51881767,"[[53.0650299, 8.79147], [53.0657462, 8.7926443], [53.06639, 8.7937]]","[[53.066127458587296, 8.79342058673501]]",[41],2009-06-13 11:48:08,4552
0,51881767,"[[53.0650299, 8.79147], [53.0657462, 8.7926443], [53.06639, 8.7937]]","[[53.06618713773789, 8.79351647570729]]",[41],2009-06-13 11:48:13,4552
0,51881767,"[[53.0650299, 8.79147], [53.0657462, 8.7926443], [53.06639, 8.7937]]","[[53.066620482131796, 8.79361814819276]]",[42],2009-06-13 11:48:18,4552
0,51881764,"[[53.06675, 8.79307], [53.06705, 8.7925599]]","[[53.06709456257521, 8.7941637262702]]",[42],2009-06-13 11:48:24,4552
0,51881768,"[[53.06639, 8.7937], [53.06763, 8.79557]]","[[53.0673750210553, 8.79479044117033]]",[42],2009-06-13 11:48:29,4552
0,51881768,"[[53.06639, 8.7937], [53.06763, 8.79557]]","[[53.067381391301794, 8.795057823881509]]",[41],2009-06-13 11:48:34,4552
0,51881768,"[[53.06639, 8.7937], [53.06763, 8.79557]]","[[53.0673030205071, 8.79521607421339]]",[41],2009-06-13 11:48:39,4552
0,51881768,"[[53.06639, 8.7937], [53.06763, 8.79557]]","[[53.0675446707755, 8.79552595317364]]",[43],2009-06-13 11:48:44,4552
0,51881768,"[[53.06639, 8.7937], [53.06763, 8.79557]]","[[53.067891765385895, 8.7960544321686]]",[45],2009-06-13 11:48:49,4552
0,51881825,"[[53.06763, 8.79557], [53.06855, 8.797]]","[[53.0683772452176, 8.79675457254052]]",[45],2009-06-13 11:48:55,4552
0,51881938,"[[53.06855, 8.797], [53.068821, 8.7974567], [53.06909, 8.7979099]]","[[53.068899018690004, 8.79764372482896]]",[45],2009-06-13 11:49:01,4552
0,811768915,"[[53.06909, 8.7979099], [53.0692003, 8.7983163], [53.06931, 8.79872]]","[[53.069222895428496, 8.79844042472541]]",[46],2009-06-13 11:49:06,4552
0,811768917,"[[53.06914, 8.7990199], [53.0691599, 8.79892], [53.0692299, 8.7987999], [53.06928, 8.79874], [53.06931, 8.79872]]","[[53.06927653960879, 8.798737982288001]]",[47],2009-06-13 11:49:11,4552
0,811768917,"[[53.06914, 8.7990199], [53.0691599, 8.79892], [53.0692299, 8.7987999], [53.06928, 8.79874], [53.06931, 8.79872]]","[[53.0692778807133, 8.79874393343925]]",[47],2009-06-13 11:49:16,4552
0,811768917,"[[53.06914, 8.7990199], [53.0691599, 8.79892], [53.0692299, 8.7987999], [53.06928, 8.79874], [53.06931, 8.79872]]","[[53.069276371970794, 8.798751058056949]]",[46],2009-06-13 11:49:21,4552
0,811768917,"[[53.06914, 8.7990199], [53.0691599, 8.79892], [53.0692299, 8.7987999], [53.06928, 8.79874], [53.06931, 8.79872]]","[[53.069275617599494, 8.79875374026597]]",[46],2009-06-13 11:49:26,4552
0,811768917,"[[53.06914, 8.7990199], [53.0691599, 8.79892], [53.0692299, 8.7987999], [53.06928, 8.79874], [53.06931, 8.79872]]","[[53.06927486322821, 8.79875466227531]]",[46],2009-06-13 11:49:31,4552
0,811768917,"[[53.06914, 8.7990199], [53.0691599, 8.79892], [53.0692299, 8.7987999], [53.06928, 8.79874], [53.06931, 8.79872]]","[[53.0692741926759, 8.79875499755144]]",[46],2009-06-13 11:49:36,4552
0,811768917,"[[53.06914, 8.7990199], [53.0691599, 8.79892], [53.0692299, 8.7987999], [53.06928, 8.79874], [53.06931, 8.79872]]","[[53.0692740250379, 8.79875558428466]]",[46],2009-06-13 11:49:41,4552
0,811768917,"[[53.06914, 8.7990199], [53.0691599, 8.79892], [53.0692299, 8.7987999], [53.06928, 8.79874], [53.06931, 8.79872]]","[[53.0692740250379, 8.79875608719885]]",[46],2009-06-13 11:49:46,4552
0,811768917,"[[53.06914, 8.7990199], [53.0691599, 8.79892], [53.0692299, 8.7987999], [53.06928, 8.79874], [53.06931, 8.79872]]","[[53.069274276495, 8.798756338655949]]",[46],2009-06-13 11:49:51,4552
0,811768917,"[[53.06914, 8.7990199], [53.0691599, 8.79892], [53.0692299, 8.7987999], [53.06928, 8.79874], [53.06931, 8.79872]]","[[53.069274360314, 8.79875642247498]]",[46],2009-06-13 11:49:56,4552
0,811768917,"[[53.06914, 8.7990199], [53.0691599, 8.79892], [53.0692299, 8.7987999], [53.06928, 8.79874], [53.06931, 8.79872]]","[[53.069279054179795, 8.798778634518381]]",[46],2009-06-13 11:50:01,4552
0,778526449,"[[53.06914, 8.7990199], [53.0694299, 8.79914]]","[[53.069354323670304, 8.799170069396501]]",[49],2009-06-13 11:50:06,4552
0,51881935,"[[53.06954, 8.79934], [53.06961, 8.79947], [53.0697899, 8.7996499], [53.07006, 8.7998099]]","[[53.069572672247894, 8.79954071715474]]",[49],2009-06-13 11:50:11,4552
0,51881935,"[[53.06954, 8.79934], [53.06961, 8.79947], [53.0697899, 8.7996499], [53.07006, 8.7998099]]","[[53.069958323612795, 8.799769459292289]]",[49],2009-06-13 11:50:16,4552
0,67948522,"[[53.07006, 8.7998099], [53.0702499, 8.7999399], [53.07042, 8.8000799]]","[[53.070412036031506, 8.800142118707301]]",[49],2009-06-13 11:50:21,4552
0,586485420,"[[53.07042, 8.8000799], [53.0707, 8.80039], [53.07093, 8.8006699], [53.07106, 8.80088]]","[[53.0709172971547, 8.800867572426801]]",[49],2009-06-13 11:50:27,4552
0,51883233,"[[53.07129, 8.80147], [53.0713863, 8.8017389], [53.07148, 8.802]]","[[53.0712663196027, 8.80160635337234]]",[48],2009-06-13 11:50:32,4552
0,67948960,"[[53.07148, 8.802], [53.07158, 8.80226], [53.0718299, 8.8029599], [53.0720199, 8.8034899]]","[[53.0715834908187, 8.80245342850685]]",[49],2009-06-13 11:50:37,4552
0,67948960,"[[53.07148, 8.802], [53.07158, 8.80226], [53.0718299, 8.8029599], [53.0720199, 8.8034899]]","[[53.0718574952334, 8.80319648422301]]",[50],2009-06-13 11:50:42,4552
0,67948524,"[[53.0720199, 8.8034899], [53.07221, 8.80384], [53.0724, 8.80413]]","[[53.0721090361476, 8.803763519972561]]",[51],2009-06-13 11:50:47,4552
0,51883237,"[[53.0724, 8.80413], [53.0724099, 8.80414], [53.07253, 8.80433], [53.07259, 8.80445]]","[[53.0724189989269, 8.8043109420687]]",[50],2009-06-13 11:50:52,4552
0,51883238,"[[53.07259, 8.80445], [53.072764, 8.8048092], [53.0730344, 8.8053676], [53.07321, 8.80573]]","[[53.07271588593721, 8.804858531802891]]",[51],2009-06-13 11:50:57,4552
0,51883238,"[[53.07259, 8.80445], [53.072764, 8.8048092], [53.0730344, 8.8053676], [53.07321, 8.80573]]","[[53.07295963168139, 8.80532129667699]]",[51],2009-06-13 11:51:02,4552
0,51883238,"[[53.07259, 8.80445], [53.072764, 8.8048092], [53.0730344, 8.8053676], [53.07321, 8.80573]]","[[53.0731648206711, 8.80572563968599]]",[51],2009-06-13 11:51:07,4552
0,572204412,"[[53.07321, 8.80573], [53.07329, 8.80588]]","[[53.0732516571879, 8.805937618017198]]",[51],2009-06-13 11:51:12,4552
0,572204412,"[[53.07321, 8.80573], [53.07329, 8.80588]]","[[53.0732684209943, 8.80600442178547]]",[49],2009-06-13 11:51:17,4552
0,572204412,"[[53.07321, 8.80573], [53.07329, 8.80588]]","[[53.0732721928507, 8.806011043488981]]",[48],2009-06-13 11:51:22,4552
0,51883362,"[[53.07305, 8.80688], [53.0732299, 8.8064799], [53.0732999, 8.80626], [53.07336, 8.80603]]","[[53.073283676058104, 8.80612403154373]]",[49],2009-06-13 11:51:25,4552
0,51883362,"[[53.07305, 8.80688], [53.0732299, 8.8064799], [53.0732999, 8.80626], [53.07336, 8.80603]]","[[53.07315484620629, 8.80657011643052]]",[48],2009-06-13 11:51:30,4552
0,67948946,"[[53.07272, 8.80748], [53.0728835, 8.8071825], [53.0729804, 8.8070061], [53.07305, 8.80688]]","[[53.072835830971606, 8.80716774612665]]",[47],2009-06-13 11:51:36,4552
0,51883371,"[[53.07246, 8.8081199], [53.0725485, 8.8079934], [53.0726371, 8.8078669], [53.0727255, 8.8077405], [53.0728099, 8.8076199]]","[[53.072462165728204, 8.80790216848254]]",[48],2009-06-13 11:51:41,4552
0,811593144,"[[53.07178, 8.80964], [53.0718899, 8.8093599], [53.07214, 8.80859], [53.07221, 8.80826], [53.07262, 8.80734], [53.07279, 8.80693], [53.0730699, 8.80627], [53.0731399, 8.80623], [53.07329, 8.80588]]","[[53.0721492692828, 8.80871479399502]]",[49],2009-06-13 11:51:46,4552
0,67948530,"[[53.07193, 8.8098], [53.0720199, 8.80944]]","[[53.071924718096895, 8.8096193689853]]",[49],2009-06-13 11:51:51,4552
0,51883887,"[[53.0718899, 8.81003], [53.0718899, 8.81023], [53.0718899, 8.81049], [53.0718899, 8.8107499]]","[[53.071841318160295, 8.81029268726707]]",[47],2009-06-13 11:51:56,4552
0,51883887,"[[53.0718899, 8.81003], [53.0718899, 8.81023], [53.0718899, 8.81049], [53.0718899, 8.8107499]]","[[53.0718400608748, 8.810404669493439]]",[46],2009-06-13 11:52:01,4552
0,51883887,"[[53.0718899, 8.81003], [53.0718899, 8.81023], [53.0718899, 8.81049], [53.0718899, 8.8107499]]","[[53.0718455929309, 8.81041321903467]]",[46],2009-06-13 11:52:06,4552
0,51883887,"[[53.0718899, 8.81003], [53.0718899, 8.81023], [53.0718899, 8.81049], [53.0718899, 8.8107499]]","[[53.0718491971493, 8.810417242348189]]",[47],2009-06-13 11:52:11,4552
0,51883887,"[[53.0718899, 8.81003], [53.0718899, 8.81023], [53.0718899, 8.81049], [53.0718899, 8.8107499]]","[[53.0718514602631, 8.81041891872883]]",[47],2009-06-13 11:52:16,4552
0,51883887,"[[53.0718899, 8.81003], [53.0718899, 8.81023], [53.0718899, 8.81049], [53.0718899, 8.8107499]]","[[53.0718523822725, 8.810419840738179]]",[47],2009-06-13 11:52:21,4552
0,51883890,"[[53.0717199, 8.81089], [53.0717971, 8.8105083], [53.07188, 8.8101], [53.0718899, 8.81003]]","[[53.071850119158604, 8.81060868501663]]",[50],2009-06-13 11:52:26,4552
0,51867694,"[[53.0478599, 8.8190499], [53.04821, 8.81926]]","[[53.0478754453361, 8.81897742860019]]",[42],2009-06-13 11:41:05,4553
0,51867695,"[[53.0478599, 8.8190499], [53.04797, 8.81919], [53.0480199, 8.81933], [53.04805, 8.8194399], [53.04805, 8.81955], [53.04804, 8.81969], [53.04801, 8.81989]]","[[53.04799379780889, 8.81909016519785]]",[37],2009-06-13 11:41:10,4553
0,762732449,"[[53.0483199, 8.81917], [53.0484899, 8.8185899], [53.0487696, 8.8175938], [53.0489, 8.81713], [53.0490478, 8.816592], [53.0493399, 8.81553]]","[[53.0483210273087, 8.81919678300619]]",[38],2009-06-13 11:41:15,4553
0,554728228,"[[53.04838, 8.8192099], [53.0485499, 8.8186499], [53.0486799, 8.8181899], [53.0488664, 8.8175143], [53.04897, 8.8171399], [53.0490791, 8.8167411], [53.04955, 8.81502]]","[[53.048548931255894, 8.81870702840388]]",[37],2009-06-13 11:41:20,4553
0,554728228,"[[53.04838, 8.8192099], [53.0485499, 8.8186499], [53.0486799, 8.8181899], [53.0488664, 8.8175143], [53.04897, 8.8171399], [53.0490791, 8.8167411], [53.04955, 8.81502]]","[[53.0487602390349, 8.817949471995231]]",[37],2009-06-13 11:41:25,4553
0,554728228,"[[53.04838, 8.8192099], [53.0485499, 8.8186499], [53.0486799, 8.8181899], [53.0488664, 8.8175143], [53.04897, 8.8171399], [53.0490791, 8.8167411], [53.04955, 8.81502]]","[[53.049014629796105, 8.81709242239594]]",[39],2009-06-13 11:41:30,4553
0,51867758,"[[53.0490399, 8.81627], [53.0491699, 8.81575], [53.0494099, 8.81489], [53.04956, 8.8144199], [53.04969, 8.81398], [53.04992, 8.8134999]]","[[53.0492662545294, 8.816206287592651]]",[35],2009-06-13 11:41:35,4553
0,762732449,"[[53.0483199, 8.81917], [53.0484899, 8.8185899], [53.0487696, 8.8175938], [53.0489, 8.81713], [53.0490478, 8.816592], [53.0493399, 8.81553]]","[[53.0494936555624, 8.815346639603382]]",[36],2009-06-13 11:41:40,4553
0,554728186,"[[53.04949, 8.81497], [53.0497056, 8.8142323], [53.04992, 8.8134999]]","[[53.04973471909761, 8.814451871439811]]",[34],2009-06-13 11:41:45,4553
0,586525585,"[[53.04992, 8.8134999], [53.05002, 8.81315], [53.05008, 8.81296]]","[[53.0499960668385, 8.81347361952066]]",[29],2009-06-13 11:41:50,4553
0,51867645,"[[53.04997, 8.8136399], [53.05007, 8.81329], [53.0501899, 8.81289], [53.05028, 8.8126099], [53.05031, 8.8123899]]","[[53.050277363508904, 8.81245404481888]]",[24],2009-06-13 11:41:55,4553
0,762732456,"[[53.05058, 8.81148], [53.05066, 8.8111999]]","[[53.050582464784405, 8.81147512234747]]",[23],2009-06-13 11:42:00,4553
0,51866678,"[[53.0508, 8.81077], [53.0509389, 8.8103183], [53.0510799, 8.8098599]]","[[53.05084113031629, 8.810601476579901]]",[24],2009-06-13 11:42:05,4553
0,51866678,"[[53.0508, 8.81077], [53.0509389, 8.8103183], [53.0510799, 8.8098599]]","[[53.051073057577, 8.809880297631029]]",[31],2009-06-13 11:42:10,4553
0,51866677,"[[53.0510799, 8.8098599], [53.05123, 8.8093699]]","[[53.0511994566768, 8.80948903039098]]",[31],2009-06-13 11:42:15,4553
0,51866677,"[[53.0510799, 8.8098599], [53.05123, 8.8093699]]","[[53.0512793362141, 8.80921695381403]]",[30],2009-06-13 11:42:20,4553
0,799517966,"[[53.05123, 8.8093699], [53.0513669, 8.8089335], [53.0514999, 8.8085099]]","[[53.0513852834702, 8.80902852863073]]",[34],2009-06-13 11:42:25,4553
0,799517966,"[[53.05123, 8.8093699], [53.0513669, 8.8089335], [53.0514999, 8.8085099]]","[[53.0514110997319, 8.80899097770453]]",[37],2009-06-13 11:42:30,4553
0,799517966,"[[53.05123, 8.8093699], [53.0513669, 8.8089335], [53.0514999, 8.8085099]]","[[53.051410764455795, 8.808989133685829]]",[35],2009-06-13 11:42:35,4553
0,799517966,"[[53.05123, 8.8093699], [53.0513669, 8.8089335], [53.0514999, 8.8085099]]","[[53.051438760012395, 8.808838594704868]]",[33],2009-06-13 11:42:40,4553
0,799517966,"[[53.05123, 8.8093699], [53.0513669, 8.8089335], [53.0514999, 8.8085099]]","[[53.0516051407903, 8.808500971645119]]",[34],2009-06-13 11:42:45,4553
0,799517967,"[[53.0514999, 8.8085099], [53.0516212, 8.8081105], [53.0517399, 8.8077199]]","[[53.05175752379001, 8.807948939502241]]",[34],2009-06-13 11:42:50,4553
0,51865408,"[[53.0518299, 8.8074299], [53.05209, 8.8065699], [53.05218, 8.80627]]","[[53.051922731101506, 8.8073153514415]]",[34],2009-06-13 11:42:55,4553
0,51865408,"[[53.0518299, 8.8074299], [53.05209, 8.8065699], [53.05218, 8.80627]]","[[53.052165638655396, 8.806392420083279]]",[33],2009-06-13 11:43:00,4553
0,51865408,"[[53.0518299, 8.8074299], [53.05209, 8.8065699], [53.05218, 8.80627]]","[[53.0524122342467, 8.805452054366471]]",[33],2009-06-13 11:43:05,4553
0,762732451,"[[53.0527199, 8.80466], [53.0529499, 8.8041]]","[[53.0527941975743, 8.80453834310174]]",[37],2009-06-13 11:43:11,4553
0,762732451,"[[53.0527199, 8.80466], [53.0529499, 8.8041]]","[[53.05308513343329, 8.80381666123867]]",[37],2009-06-13 11:43:16,4553
0,762732452,"[[53.0529499, 8.8041], [53.05379, 8.80209]]","[[53.0533996224403, 8.803071761503821]]",[37],2009-06-13 11:43:21,4553
0,762732452,"[[53.0529499, 8.8041], [53.05379, 8.80209]]","[[53.053714865818606, 8.802279252558948]]",[39],2009-06-13 11:43:26,4553
0,51882111,"[[53.05379, 8.80209], [53.05422, 8.8012]]","[[53.054020637646296, 8.80160341970623]]",[41],2009-06-13 11:43:31,4553
0,51882111,"[[53.05379, 8.80209], [53.05422, 8.8012]]","[[53.054376784712105, 8.80106714554131]]",[41],2009-06-13 11:43:36,4553
0,51882112,"[[53.05422, 8.8012], [53.0545687, 8.8005577], [53.0546599, 8.80039]]","[[53.0546383839101, 8.80060253664851]]",[41],2009-06-13 11:43:41,4553
0,51882046,"[[53.0548499, 8.80003], [53.0549318, 8.7998716], [53.055, 8.79974]]","[[53.0549227818847, 8.80007581785321]]",[39],2009-06-13 11:43:46,4553
0,762732454,"[[53.0552, 8.7993899], [53.0552669, 8.7992692], [53.0554499, 8.79894]]","[[53.055236935615504, 8.79942446015775]]",[38],2009-06-13 11:43:51,4553
0,762732447,"[[53.0554499, 8.79894], [53.0555772, 8.7987293], [53.0557099, 8.79851]]","[[53.05557564832271, 8.79874477162957]]",[39],2009-06-13 11:43:56,4553
0,762732448,"[[53.0557099, 8.79851], [53.05593, 8.7981399]]","[[53.05589742958551, 8.798143872991199]]",[39],2009-06-13 11:44:01,4553
0,762732458,"[[53.0561299, 8.79779], [53.05641, 8.7972899], [53.05671, 8.7967999]]","[[53.0562272574753, 8.79758262075484]]",[39],2009-06-13 11:44:06,4553
0,762732458,"[[53.0561299, 8.79779], [53.05641, 8.7972899], [53.05671, 8.7967999]]","[[53.056587846949704, 8.796989349648358]]",[39],2009-06-13 11:44:11,4553
0,719953785,"[[53.05671, 8.7967999], [53.0569599, 8.79639], [53.05766, 8.79533]]","[[53.056993028149, 8.79633422009647]]",[40],2009-06-13 11:44:16,4553
0,719953785,"[[53.05671, 8.7967999], [53.0569599, 8.79639], [53.05766, 8.79533]]","[[53.057445231825106, 8.795646149665119]]",[38],2009-06-13 11:44:21,4553
0,719953785,"[[53.05671, 8.7967999], [53.0569599, 8.79639], [53.05766, 8.79533]]","[[53.0578706972301, 8.795053297653789]]",[38],2009-06-13 11:44:26,4553
0,716671988,"[[53.05766, 8.79533], [53.05829, 8.79442], [53.0593, 8.79298]]","[[53.058228772133596, 8.79451459273696]]",[38],2009-06-13 11:44:31,4553
0,716671988,"[[53.05766, 8.79533], [53.05829, 8.79442], [53.0593, 8.79298]]","[[53.05857913568621, 8.79393657669425]]",[39],2009-06-13 11:44:36,4553
0,716671988,"[[53.05766, 8.79533], [53.05829, 8.79442], [53.0593, 8.79298]]","[[53.0588625278324, 8.79355536773801]]",[39],2009-06-13 11:44:41,4553
0,716671988,"[[53.05766, 8.79533], [53.05829, 8.79442], [53.0593, 8.79298]]","[[53.0591252166778, 8.79320894367993]]",[41],2009-06-13 11:44:46,4553
0,762772848,"[[53.0593, 8.79298], [53.0596799, 8.79245]]","[[53.059487817809, 8.792702257633211]]",[41],2009-06-13 11:44:51,4553
0,762772848,"[[53.0593, 8.79298], [53.0596799, 8.79245]]","[[53.059876821935205, 8.79215944558382]]",[42],2009-06-13 11:44:56,4553
0,762772848,"[[53.0593, 8.79298], [53.0596799, 8.79245]]","[[53.060297593474395, 8.79156072624028]]",[42],2009-06-13 11:45:01,4553
0,762772849,"[[53.0596799, 8.79245], [53.0610899, 8.79045]]","[[53.06067612022161, 8.79102369770408]]",[41],2009-06-13 11:45:06,4553
0,762772849,"[[53.0596799, 8.79245], [53.0610899, 8.79045]]","[[53.06105464696879, 8.79049102775753]]",[41],2009-06-13 11:45:11,4553
0,51881430,"[[53.0610899, 8.79045], [53.0616975, 8.7895838], [53.06196, 8.7892099]]","[[53.06144666858021, 8.78993312828243]]",[42],2009-06-13 11:45:16,4553
0,51881430,"[[53.0610899, 8.79045], [53.0616975, 8.7895838], [53.06196, 8.7892099]]","[[53.061845898628206, 8.78937807865441]]",[41],2009-06-13 11:45:21,4553
0,51888926,"[[53.06196, 8.7892099], [53.0620699, 8.7891399], [53.0621699, 8.7890199], [53.0625004, 8.7885691], [53.0626676, 8.7883412], [53.0628299, 8.78812]]","[[53.062217216938706, 8.788966024294501]]",[42],2009-06-13 11:45:26,4553
0,51888926,"[[53.06196, 8.7892099], [53.0620699, 8.7891399], [53.0621699, 8.7890199], [53.0625004, 8.7885691], [53.0626676, 8.7883412], [53.0628299, 8.78812]]","[[53.062478983774795, 8.78862706013024]]",[40],2009-06-13 11:45:31,4553
0,51888926,"[[53.06196, 8.7892099], [53.0620699, 8.7891399], [53.0621699, 8.7890199], [53.0625004, 8.7885691], [53.0626676, 8.7883412], [53.0628299, 8.78812]]","[[53.062478648498704, 8.78858012147248]]",[38],2009-06-13 11:45:36,4553
0,51888926,"[[53.06196, 8.7892099], [53.0620699, 8.7891399], [53.0621699, 8.7890199], [53.0625004, 8.7885691], [53.0626676, 8.7883412], [53.0628299, 8.78812]]","[[53.062486946582794, 8.78858305513859]]",[37],2009-06-13 11:45:42,4553
0,51888926,"[[53.06196, 8.7892099], [53.0620699, 8.7891399], [53.0621699, 8.7890199], [53.0625004, 8.7885691], [53.0626676, 8.7883412], [53.0628299, 8.78812]]","[[53.062487449497006, 8.78858397714794]]",[37],2009-06-13 11:45:47,4553
0,51888926,"[[53.06196, 8.7892099], [53.0620699, 8.7891399], [53.0621699, 8.7890199], [53.0625004, 8.7885691], [53.0626676, 8.7883412], [53.0628299, 8.78812]]","[[53.062487784773104, 8.78858339041471]]",[37],2009-06-13 11:45:52,4553
0,51888926,"[[53.06196, 8.7892099], [53.0620699, 8.7891399], [53.0621699, 8.7890199], [53.0625004, 8.7885691], [53.0626676, 8.7883412], [53.0628299, 8.78812]]","[[53.0624881200492, 8.78858347423375]]",[36],2009-06-13 11:45:57,4553
0,51888926,"[[53.06196, 8.7892099], [53.0620699, 8.7891399], [53.0621699, 8.7890199], [53.0625004, 8.7885691], [53.0626676, 8.7883412], [53.0628299, 8.78812]]","[[53.0624886229634, 8.78858406096697]]",[36],2009-06-13 11:46:03,4553
0,51888926,"[[53.06196, 8.7892099], [53.0620699, 8.7891399], [53.0621699, 8.7890199], [53.0625004, 8.7885691], [53.0626676, 8.7883412], [53.0628299, 8.78812]]","[[53.0624887906015, 8.78858347423375]]",[37],2009-06-13 11:46:08,4553
0,51888926,"[[53.06196, 8.7892099], [53.0620699, 8.7891399], [53.0621699, 8.7890199], [53.0625004, 8.7885691], [53.0626676, 8.7883412], [53.0628299, 8.78812]]","[[53.0624891258776, 8.78858372569084]]",[37],2009-06-13 11:46:13,4553
0,554739608,"[[53.02717, 8.8053999], [53.0282879, 8.8063229], [53.0291199, 8.80701]]","[[53.0290412250906, 8.80687211640179]]",[46],2009-06-13 11:34:54,4554
0,554739608,"[[53.02717, 8.8053999], [53.0282879, 8.8063229], [53.0291199, 8.80701]]","[[53.0290423985571, 8.806874128058551]]",[46],2009-06-13 11:34:59,4554
0,554739608,"[[53.02717, 8.8053999], [53.0282879, 8.8063229], [53.0291199, 8.80701]]","[[53.028891021385796, 8.806886030361062]]",[45],2009-06-13 11:35:04,4554
0,554739608,"[[53.02717, 8.8053999], [53.0282879, 8.8063229], [53.0291199, 8.80701]]","[[53.0285448487848, 8.80662099458277]]",[45],2009-06-13 11:35:09,4554
0,554739608,"[[53.02717, 8.8053999], [53.0282879, 8.8063229], [53.0291199, 8.80701]]","[[53.0280560161918, 8.80622964352369]]",[46],2009-06-13 11:35:14,4554
0,51867079,"[[53.0271, 8.8056], [53.0273286, 8.8057738], [53.02756, 8.8059499]]","[[53.027567518874996, 8.8058424834162]]",[46],2009-06-13 11:35:19,4554
0,51867079,"[[53.0271, 8.8056], [53.0273286, 8.8057738], [53.02756, 8.8059499]]","[[53.0273582227528, 8.805671157315368]]",[45],2009-06-13 11:35:24,4554
0,51867079,"[[53.0271, 8.8056], [53.0273286, 8.8057738], [53.02756, 8.8059499]]","[[53.0272779241204, 8.805601168423891]]",[45],2009-06-13 11:35:29,4554
0,51867079,"[[53.0271, 8.8056], [53.0273286, 8.8057738], [53.02756, 8.8059499]]","[[53.0271795205772, 8.805652717128401]]",[46],2009-06-13 11:35:34,4554
0,51867079,"[[53.0271, 8.8056], [53.0273286, 8.8057738], [53.02756, 8.8059499]]","[[53.0274095200002, 8.80580434575677]]",[47],2009-06-13 11:35:39,4554
0,51867079,"[[53.0271, 8.8056], [53.0273286, 8.8057738], [53.02756, 8.8059499]]","[[53.0278550181538, 8.80616443231702]]",[46],2009-06-13 11:35:44,4554
0,554739608,"[[53.02717, 8.8053999], [53.0282879, 8.8063229], [53.0291199, 8.80701]]","[[53.0284179467708, 8.80661671981215]]",[46],2009-06-13 11:35:49,4554
0,554739611,"[[53.02756, 8.8059499], [53.0290799, 8.80716]]","[[53.0289971362799, 8.80707445554435]]",[46],2009-06-13 11:35:54,4554
0,554728248,"[[53.02934, 8.8073699], [53.0295996, 8.8075747], [53.02986, 8.80778]]","[[53.02955746650699, 8.80752632394433]]",[47],2009-06-13 11:35:59,4554
0,554728249,"[[53.02986, 8.80778], [53.0302399, 8.8081]]","[[53.0300731211901, 8.807941982522609]]",[48],2009-06-13 11:36:04,4554
0,554728249,"[[53.02986, 8.80778], [53.0302399, 8.8081]]","[[53.0303090717644, 8.80812051706016]]",[49],2009-06-13 11:36:09,4554
0,554728249,"[[53.02986, 8.80778], [53.0302399, 8.8081]]","[[53.030306138098204, 8.808120181784028]]",[49],2009-06-13 11:36:14,4554
0,67942291,"[[53.0302399, 8.8081], [53.0305599, 8.80836]]","[[53.0304570961744, 8.80822805687785]]",[50],2009-06-13 11:36:19,4554
0,51867114,"[[53.0306899, 8.80827], [53.03108, 8.80857]]","[[53.0306682363153, 8.808422768488528]]",[51],2009-06-13 11:36:24,4554
0,67942292,"[[53.0305599, 8.80836], [53.0307739, 8.8085788], [53.0309899, 8.8088]]","[[53.0308952182531, 8.80871806293726]]",[51],2009-06-13 11:36:30,4554
0,773673189,"[[53.03114, 8.8089399], [53.03124, 8.80902]]","[[53.031195458024705, 8.80901302210987]]",[50],2009-06-13 11:36:35,4554
0,773673190,"[[53.03124, 8.80902], [53.0316099, 8.80929]]","[[53.0314891599119, 8.809244781732561]]",[50],2009-06-13 11:36:40,4554
0,586504553,"[[53.03146, 8.81001], [53.0316, 8.80978], [53.0317, 8.8095899], [53.03179, 8.80951], [53.03196, 8.80949]]","[[53.03181672468779, 8.80947067402303]]",[49],2009-06-13 11:36:45,4554
0,67948819,"[[53.03196, 8.80949], [53.0321871, 8.8095739], [53.03242, 8.8096599], [53.0325832, 8.8097044], [53.03275, 8.80975]]","[[53.03223146125671, 8.809643592685461]]",[49],2009-06-13 11:36:50,4554
0,67948819,"[[53.03196, 8.80949], [53.0321871, 8.8095739], [53.03242, 8.8096599], [53.0325832, 8.8097044], [53.03275, 8.80975]]","[[53.0326341278851, 8.80977275781333]]",[49],2009-06-13 11:36:55,4554
0,67948819,"[[53.03196, 8.80949], [53.0321871, 8.8095739], [53.03242, 8.8096599], [53.0325832, 8.8097044], [53.03275, 8.80975]]","[[53.033055989071705, 8.8099695648998]]",[49],2009-06-13 11:37:00,4554
0,51867088,"[[53.03275, 8.80975], [53.03373, 8.8104199]]","[[53.0334130581468, 8.81020777858794]]",[50],2009-06-13 11:37:04,4554
0,51867089,"[[53.03373, 8.8104199], [53.0338499, 8.8105499], [53.03405, 8.8107], [53.0341799, 8.8107799]]","[[53.0339488293976, 8.810643218457699]]",[49],2009-06-13 11:37:10,4554
0,51867577,"[[53.0341799, 8.8107799], [53.03452, 8.8109]]","[[53.034420479089, 8.81088805384934]]",[50],2009-06-13 11:37:15,4554
0,51867577,"[[53.0341799, 8.8107799], [53.03452, 8.8109]]","[[53.0348900333047, 8.811178486794232]]",[49],2009-06-13 11:37:20,4554
0,51867577,"[[53.0341799, 8.8107799], [53.03452, 8.8109]]","[[53.035342739895, 8.81148509681225]]",[47],2009-06-13 11:37:25,4554
0,51867577,"[[53.0341799, 8.8107799], [53.03452, 8.8109]]","[[53.0357790179551, 8.81180888973176]]",[44],2009-06-13 11:37:30,4554
0,781750240,"[[53.03452, 8.8109], [53.03794, 8.81312]]","[[53.0362140387297, 8.81212572567165]]",[41],2009-06-13 11:37:35,4554
0,781750240,"[[53.03452, 8.8109], [53.03794, 8.81312]]","[[53.036583680659504, 8.81238112226129]]",[41],2009-06-13 11:37:39,4554
0,781750240,"[[53.03452, 8.8109], [53.03794, 8.81312]]","[[53.037172676995404, 8.81278035230935]]",[42],2009-06-13 11:37:45,4554
0,781750240,"[[53.03452, 8.8109], [53.03794, 8.81312]]","[[53.0376835539937, 8.81307682022452]]",[41],2009-06-13 11:37:50,4554
0,781750240,"[[53.03452, 8.8109], [53.03794, 8.81312]]","[[53.03809577599171, 8.8132747169584]]",[43],2009-06-13 11:37:55,4554
0,51867664,"[[53.03858, 8.8135399], [53.03872, 8.8136299]]","[[53.0386318825185, 8.81364092230797]]",[48],2009-06-13 11:38:00,4554
0,51867664,"[[53.03858, 8.8135399], [53.03872, 8.8136299]]","[[53.03889691829679, 8.81370747461915]]",[48],2009-06-13 11:38:05,4554
0,51867664,"[[53.03858, 8.8135399], [53.03872, 8.8136299]]","[[53.038983084261396, 8.81378852762282]]",[45],2009-06-13 11:38:10,4554
0,51867664,"[[53.03858, 8.8135399], [53.03872, 8.8136299]]","[[53.0390307772905, 8.81395725533366]]",[44],2009-06-13 11:38:15,4554
0,51867774,"[[53.03872, 8.8136299], [53.0395539, 8.8141438], [53.03971, 8.81424]]","[[53.0393165163696, 8.814106453210119]]",[46],2009-06-13 11:38:20,4554
0,51867774,"[[53.03872, 8.8136299], [53.0395539, 8.8141438], [53.03971, 8.81424]]","[[53.039644835516796, 8.81427258253098]]",[46],2009-06-13 11:38:25,4554
0,572252438,"[[53.03971, 8.81424], [53.0401173, 8.8144224], [53.0403799, 8.81454], [53.0408099, 8.81474], [53.04118, 8.8149099], [53.04144, 8.8150499]]","[[53.0400354322046, 8.81445111706853]]",[45],2009-06-13 11:38:30,4554
0,572252438,"[[53.03971, 8.81424], [53.0401173, 8.8144224], [53.0403799, 8.81454], [53.0408099, 8.81474], [53.04118, 8.8149099], [53.04144, 8.8150499]]","[[53.04039484821261, 8.814609954133632]]",[44],2009-06-13 11:38:35,4554
0,572252438,"[[53.03971, 8.81424], [53.0401173, 8.8144224], [53.0403799, 8.81454], [53.0408099, 8.81474], [53.04118, 8.8149099], [53.04144, 8.8150499]]","[[53.0407348182052, 8.814749680459501]]",[44],2009-06-13 11:38:40,4554
0,572252438,"[[53.03971, 8.81424], [53.0401173, 8.8144224], [53.0403799, 8.81454], [53.0408099, 8.81474], [53.04118, 8.8149099], [53.04144, 8.8150499]]","[[53.041124157607605, 8.814950427040461]]",[48],2009-06-13 11:38:45,4554
0,572252439,"[[53.04144, 8.8150499], [53.0417, 8.8152099], [53.04216, 8.8155099]]","[[53.04157434962689, 8.81517556495965]]",[46],2009-06-13 11:38:50,4554
0,572252439,"[[53.04144, 8.8150499], [53.0417, 8.8152099], [53.04216, 8.8155099]]","[[53.042050022631905, 8.815543027594689]]",[43],2009-06-13 11:38:55,4554
0,51867666,"[[53.04216, 8.8155099], [53.0426399, 8.81579], [53.04312, 8.81605]]","[[53.042546818032896, 8.81584729067981]]",[44],2009-06-13 11:39:00,4554
0,51867666,"[[53.04216, 8.8155099], [53.0426399, 8.81579], [53.04312, 8.81605]]","[[53.04323882795871, 8.81611743941903]]",[44],2009-06-13 11:39:05,4554
0,554728246,"[[53.04312, 8.81605], [53.04344, 8.81621], [53.04404, 8.8165199], [53.0444, 8.8167199], [53.04496, 8.8169499], [53.04519, 8.81706], [53.04542, 8.8171799], [53.04562, 8.81733]]","[[53.043935783207395, 8.81643796339631]]",[47],2009-06-13 11:39:10,4554
0,554728246,"[[53.04312, 8.81605], [53.04344, 8.81621], [53.04404, 8.8165199], [53.0444, 8.8167199], [53.04496, 8.8169499], [53.04519, 8.81706], [53.04542, 8.8171799], [53.04562, 8.81733]]","[[53.0445945169777, 8.81675169803202]]",[48],2009-06-13 11:39:15,4554
0,554728246,"[[53.04312, 8.81605], [53.04344, 8.81621], [53.04404, 8.8165199], [53.0444, 8.8167199], [53.04496, 8.8169499], [53.04519, 8.81706], [53.04542, 8.8171799], [53.04562, 8.81733]]","[[53.0452296976, 8.81702779792249]]",[46],2009-06-13 11:39:20,4554
0,554728246,"[[53.04312, 8.81605], [53.04344, 8.81621], [53.04404, 8.8165199], [53.0444, 8.8167199], [53.04496, 8.8169499], [53.04519, 8.81706], [53.04542, 8.8171799], [53.04562, 8.81733]]","[[53.0457968171686, 8.8173676840961]]",[43],2009-06-13 11:39:25,4554
0,586525536,"[[53.04562, 8.81733], [53.0462199, 8.81775], [53.04676, 8.8181899]]","[[53.04615137167279, 8.8176816701889]]",[41],2009-06-13 11:39:30,4554
0,586525536,"[[53.04562, 8.81733], [53.0462199, 8.81775], [53.04676, 8.8181899]]","[[53.046291265636704, 8.81777378730476]]",[42],2009-06-13 11:39:35,4554
0,586525536,"[[53.04562, 8.81733], [53.0462199, 8.81775], [53.04676, 8.8181899]]","[[53.046296043321504, 8.817774038761849]]",[44],2009-06-13 11:39:40,4554
0,586525536,"[[53.04562, 8.81733], [53.0462199, 8.81775], [53.04676, 8.8181899]]","[[53.0463004857302, 8.817774122580891]]",[45],2009-06-13 11:39:45,4554
0,586525536,"[[53.04562, 8.81733], [53.0462199, 8.81775], [53.04676, 8.8181899]]","[[53.0463023297489, 8.81777454167604]]",[45],2009-06-13 11:39:50,4554
0,586525536,"[[53.04562, 8.81733], [53.0462199, 8.81775], [53.04676, 8.8181899]]","[[53.0464036669582, 8.8178996834904]]",[46],2009-06-13 11:39:55,4554
0,586525536,"[[53.04562, 8.81733], [53.0462199, 8.81775], [53.04676, 8.8181899]]","[[53.046785630285704, 8.818246694281699]]",[45],2009-06-13 11:40:00,4554
0,724991086,"[[53.0467799, 8.81845], [53.04692, 8.8184199], [53.04706, 8.8184599]]","[[53.046955866739204, 8.818255746737119]]",[51],2009-06-13 08:32:26,4555
0,586525536,"[[53.04562, 8.81733], [53.0462199, 8.81775], [53.04676, 8.8181899]]","[[53.04687355645, 8.8181880209595]]",[51],2009-06-13 08:32:31,4555
0,586525536,"[[53.04562, 8.81733], [53.0462199, 8.81775], [53.04676, 8.8181899]]","[[53.0468742270023, 8.81818743422627]]",[50],2009-06-13 08:32:36,4555
0,586525536,"[[53.04562, 8.81733], [53.0462199, 8.81775], [53.04676, 8.8181899]]","[[53.0468733888119, 8.818187518045312]]",[50],2009-06-13 08:32:41,4555
0,586525536,"[[53.04562, 8.81733], [53.0462199, 8.81775], [53.04676, 8.8181899]]","[[53.046792922541506, 8.81813974119723]]",[51],2009-06-13 08:32:46,4555
0,586525536,"[[53.04562, 8.81733], [53.0462199, 8.81775], [53.04676, 8.8181899]]","[[53.046495364978895, 8.81794628687203]]",[51],2009-06-13 08:32:51,4555
0,586525536,"[[53.04562, 8.81733], [53.0462199, 8.81775], [53.04676, 8.8181899]]","[[53.046017428860104, 8.817621236667039]]",[50],2009-06-13 08:32:56,4555
0,554728246,"[[53.04312, 8.81605], [53.04344, 8.81621], [53.04404, 8.8165199], [53.0444, 8.8167199], [53.04496, 8.8169499], [53.04519, 8.81706], [53.04542, 8.8171799], [53.04562, 8.81733]]","[[53.0454320367426, 8.817226281389589]]",[50],2009-06-13 08:33:01,4555
0,554728246,"[[53.04312, 8.81605], [53.04344, 8.81621], [53.04404, 8.8165199], [53.0444, 8.8167199], [53.04496, 8.8169499], [53.04519, 8.81706], [53.04542, 8.8171799], [53.04562, 8.81733]]","[[53.0448151286691, 8.816906176507471]]",[51],2009-06-13 08:33:06,4555
0,554728246,"[[53.04312, 8.81605], [53.04344, 8.81621], [53.04404, 8.8165199], [53.0444, 8.8167199], [53.04496, 8.8169499], [53.04519, 8.81706], [53.04542, 8.8171799], [53.04562, 8.81733]]","[[53.044160334393396, 8.816612977534529]]",[51],2009-06-13 08:33:11,4555
0,554728246,"[[53.04312, 8.81605], [53.04344, 8.81621], [53.04404, 8.8165199], [53.0444, 8.8167199], [53.04496, 8.8169499], [53.04519, 8.81706], [53.04542, 8.8171799], [53.04562, 8.81733]]","[[53.0435227230191, 8.816268984228369]]",[52],2009-06-13 08:33:16,4555
0,51867666,"[[53.04216, 8.8155099], [53.0426399, 8.81579], [53.04312, 8.81605]]","[[53.0428949184716, 8.81592582911253]]",[52],2009-06-13 08:33:21,4555
0,572252439,"[[53.04144, 8.8150499], [53.0417, 8.8152099], [53.04216, 8.8155099]]","[[53.042270634323394, 8.815569933503868]]",[51],2009-06-13 08:33:26,4555
0,572252439,"[[53.04144, 8.8150499], [53.0417, 8.8152099], [53.04216, 8.8155099]]","[[53.0416230484843, 8.81517891772091]]",[51],2009-06-13 08:33:31,4555
0,572252438,"[[53.03971, 8.81424], [53.0401173, 8.8144224], [53.0403799, 8.81454], [53.0408099, 8.81474], [53.04118, 8.8149099], [53.04144, 8.8150499]]","[[53.0409836769104, 8.81483777426183]]",[51],2009-06-13 08:33:36,4555
0,572252438,"[[53.03971, 8.81424], [53.0401173, 8.8144224], [53.0403799, 8.81454], [53.0408099, 8.81474], [53.04118, 8.8149099], [53.04144, 8.8150499]]","[[53.040379341691704, 8.814544156193731]]",[52],2009-06-13 08:33:41,4555
0,51867774,"[[53.03872, 8.8136299], [53.0395539, 8.8141438], [53.03971, 8.81424]]","[[53.0398070253432, 8.81425824947655]]",[51],2009-06-13 08:33:46,4555
0,51867774,"[[53.03872, 8.8136299], [53.0395539, 8.8141438], [53.03971, 8.81424]]","[[53.0392245668918, 8.81396186538041]]",[50],2009-06-13 08:33:51,4555
0,51867664,"[[53.03858, 8.8135399], [53.03872, 8.8136299]]","[[53.0386523343623, 8.813550565391779]]",[52],2009-06-13 08:33:56,4555
0,781750240,"[[53.03452, 8.8109], [53.03794, 8.81312]]","[[53.0380489211529, 8.81320313550532]]",[55],2009-06-13 08:34:01,4555
0,781750240,"[[53.03452, 8.8109], [53.03794, 8.81312]]","[[53.037425726652096, 8.81284355185926]]",[60],2009-06-13 08:34:06,4555
0,781750240,"[[53.03452, 8.8109], [53.03794, 8.81312]]","[[53.0368408374488, 8.812473658472301]]",[62],2009-06-13 08:34:11,4555
0,781750240,"[[53.03452, 8.8109], [53.03794, 8.81312]]","[[53.0362799204886, 8.81211717613041]]",[63],2009-06-13 08:34:16,4555
0,51867577,"[[53.0341799, 8.8107799], [53.03452, 8.8109]]","[[53.0357298161834, 8.81175834685564]]",[61],2009-06-13 08:34:21,4555
0,51867577,"[[53.0341799, 8.8107799], [53.03452, 8.8109]]","[[53.035174850374496, 8.81139398552477]]",[58],2009-06-13 08:34:26,4555
0,51867577,"[[53.0341799, 8.8107799], [53.03452, 8.8109]]","[[53.0346632190049, 8.8110523391515]]",[57],2009-06-13 08:34:31,4555
0,51867089,"[[53.03373, 8.8104199], [53.0338499, 8.8105499], [53.03405, 8.8107], [53.0341799, 8.8107799]]","[[53.0341557785869, 8.810736257582901]]",[58],2009-06-13 08:34:36,4555
0,51867088,"[[53.03275, 8.80975], [53.03373, 8.8104199]]","[[53.0335295666009, 8.81033132784069]]",[56],2009-06-13 08:34:42,4555
0,67948819,"[[53.03196, 8.80949], [53.0321871, 8.8095739], [53.03242, 8.8096599], [53.0325832, 8.8097044], [53.03275, 8.80975]]","[[53.0330149177462, 8.8099560700357]]",[55],2009-06-13 08:34:47,4555
0,67948819,"[[53.03196, 8.80949], [53.0321871, 8.8095739], [53.03242, 8.8096599], [53.0325832, 8.8097044], [53.03275, 8.80975]]","[[53.0324929766357, 8.80960436537862]]",[54],2009-06-13 08:34:52,4555
0,51867087,"[[53.0320399, 8.80926], [53.03275, 8.80975]]","[[53.0321235861629, 8.809353075921539]]",[56],2009-06-13 08:34:57,4555
0,51867087,"[[53.0320399, 8.80926], [53.03275, 8.80975]]","[[53.032002048566895, 8.80924268625677]]",[54],2009-06-13 08:35:02,4555
0,51867087,"[[53.0320399, 8.80926], [53.03275, 8.80975]]","[[53.0319991987199, 8.809238327667119]]",[55],2009-06-13 08:35:07,4555
0,51867087,"[[53.0320399, 8.80926], [53.03275, 8.80975]]","[[53.031999617814996, 8.80923765711486]]",[56],2009-06-13 08:35:12,4555
0,51867087,"[[53.0320399, 8.80926], [53.03275, 8.80975]]","[[53.031995175406294, 8.809236064553259]]",[56],2009-06-13 08:35:17,4555
0,51867087,"[[53.0320399, 8.80926], [53.03275, 8.80975]]","[[53.031988218426704, 8.809226593002679]]",[56],2009-06-13 08:35:22,4555
0,51867087,"[[53.0320399, 8.80926], [53.03275, 8.80975]]","[[53.031986458226996, 8.8092234916985]]",[56],2009-06-13 08:35:27,4555
0,51867096,"[[53.0317, 8.8090099], [53.0320399, 8.80926]]","[[53.0317966919392, 8.809088794514539]]",[54],2009-06-13 08:35:32,4555
0,773673192,"[[53.03134, 8.80875], [53.0317, 8.8090099]]","[[53.0314390361309, 8.808835074305529]]",[55],2009-06-13 08:35:37,4555
0,51867114,"[[53.0306899, 8.80827], [53.03108, 8.80857]]","[[53.030997058376705, 8.80849862471223]]",[54],2009-06-13 08:35:42,4555
0,67942291,"[[53.0302399, 8.8081], [53.0305599, 8.80836]]","[[53.0305025260895, 8.808112218976019]]",[53],2009-06-13 08:35:47,4555
0,554728248,"[[53.02934, 8.8073699], [53.0295996, 8.8075747], [53.02986, 8.80778]]","[[53.0300114303827, 8.80771776661277]]",[51],2009-06-13 08:35:52,4555
0,554728248,"[[53.02934, 8.8073699], [53.0295996, 8.8075747], [53.02986, 8.80778]]","[[53.0295492522419, 8.80735952407122]]",[51],2009-06-13 08:35:57,4555
0,554739608,"[[53.02717, 8.8053999], [53.0282879, 8.8063229], [53.0291199, 8.80701]]","[[53.0291044246405, 8.80700287409127]]",[50],2009-06-13 08:36:02,4555
0,554739608,"[[53.02717, 8.8053999], [53.0282879, 8.8063229], [53.0291199, 8.80701]]","[[53.028571251779795, 8.806588640436528]]",[50],2009-06-13 08:36:08,4555
0,554739608,"[[53.02717, 8.8053999], [53.0282879, 8.8063229], [53.0291199, 8.80701]]","[[53.028114438056896, 8.80619628354907]]",[49],2009-06-13 08:36:13,4555
0,51867079,"[[53.0271, 8.8056], [53.0273286, 8.8057738], [53.02756, 8.8059499]]","[[53.0276576243341, 8.80574106238782]]",[48],2009-06-13 08:36:18,4555
0,554739608,"[[53.02717, 8.8053999], [53.0282879, 8.8063229], [53.0291199, 8.80701]]","[[53.02734196186071, 8.80536077544093]]",[49],2009-06-13 08:36:23,4555
0,554739608,"[[53.02717, 8.8053999], [53.0282879, 8.8063229], [53.0291199, 8.80701]]","[[53.0273424647748, 8.80494997836649]]",[49],2009-06-13 08:36:27,4555
0,554739608,"[[53.02717, 8.8053999], [53.0282879, 8.8063229], [53.0291199, 8.80701]]","[[53.027625521645, 8.80387357436121]]",[46],2009-06-13 08:36:34,4555
0,51865673,"[[53.0276699, 8.80111], [53.02773, 8.80079]]","[[53.0278368294239, 8.80309112370014]]",[46],2009-06-13 08:36:39,4555
0,51867040,"[[53.02717, 8.8053999], [53.02835, 8.8012599]]","[[53.028032546863, 8.80236692726612]]",[47],2009-06-13 08:36:44,4555
0,51867040,"[[53.02717, 8.8053999], [53.02835, 8.8012599]]","[[53.0281155277044, 8.8020330760628]]",[47],2009-06-13 08:36:49,4555
0,51867040,"[[53.02717, 8.8053999], [53.02835, 8.8012599]]","[[53.0281155277044, 8.802025532349939]]",[47],2009-06-13 08:36:54,4555
0,51867040,"[[53.02717, 8.8053999], [53.02835, 8.8012599]]","[[53.028114689514, 8.80202368833125]]",[47],2009-06-13 08:36:59,4555
0,51867040,"[[53.02717, 8.8053999], [53.02835, 8.8012599]]","[[53.0281140189618, 8.80202259868383]]",[47],2009-06-13 08:37:04,4555
0,51867040,"[[53.02717, 8.8053999], [53.02835, 8.8012599]]","[[53.02811393514279, 8.80202192813158]]",[47],2009-06-13 08:37:09,4555
0,51867040,"[[53.02717, 8.8053999], [53.02835, 8.8012599]]","[[53.028130363673, 8.801966523751618]]",[47],2009-06-13 08:37:14,4555
0,51867040,"[[53.02717, 8.8053999], [53.02835, 8.8012599]]","[[53.0282301921397, 8.80159772001207]]",[46],2009-06-13 08:37:19,4555
0,51867040,"[[53.02717, 8.8053999], [53.02835, 8.8012599]]","[[53.0282057169825, 8.80118172615767]]",[47],2009-06-13 08:37:25,4555
0,51868077,"[[53.02773, 8.80079], [53.02835, 8.8012599]]","[[53.027913775295, 8.80098919384182]]",[47],2009-06-13 08:37:30,4555
0,51868077,"[[53.02773, 8.80079], [53.02835, 8.8012599]]","[[53.027681093663, 8.800890455022449]]",[45],2009-06-13 08:37:35,4555
0,737855398,"[[53.0687699, 8.77921], [53.06885, 8.7788999], [53.06912, 8.77813], [53.06921, 8.7776], [53.0692599, 8.7768399]]","[[53.069098340347395, 8.77800257876515]]",[44],2009-06-13 08:26:00,4556
0,737855398,"[[53.0687699, 8.77921], [53.06885, 8.7788999], [53.06912, 8.77813], [53.06921, 8.7776], [53.0692599, 8.7768399]]","[[53.0691901221871, 8.7769207265228]]",[45],2009-06-13 08:26:05,4556
0,711674448,"[[53.0692599, 8.7768399], [53.0692699, 8.7756199]]","[[53.0692061316222, 8.77571155317128]]",[46],2009-06-13 08:26:10,4556
0,711674449,"[[53.0692599, 8.7744], [53.06928, 8.77491], [53.0692699, 8.7756199]]","[[53.06926572695371, 8.77451495267451]]",[49],2009-06-13 08:26:14,4556
0,586532947,"[[53.06868, 8.77317], [53.0688099, 8.77325], [53.06898, 8.7734499], [53.06905, 8.7735599], [53.06912, 8.77371], [53.06918, 8.7739099], [53.06922, 8.7741099]]","[[53.0690297763795, 8.77356067299843]]",[43],2009-06-13 08:26:19,4556
0,711554065,"[[53.0679899, 8.7740499], [53.068, 8.77386], [53.06803, 8.77367], [53.06807, 8.7734899], [53.06814, 8.7733], [53.0682199, 8.7732], [53.0683, 8.7731299], [53.06846, 8.7730899], [53.06856, 8.77312], [53.06868, 8.77317]]","[[53.0684816837311, 8.773055495694281]]",[43],2009-06-13 08:26:24,4556
0,711554065,"[[53.0679899, 8.7740499], [53.068, 8.77386], [53.06803, 8.77367], [53.06807, 8.7734899], [53.06814, 8.7733], [53.0682199, 8.7732], [53.0683, 8.7731299], [53.06846, 8.7730899], [53.06856, 8.77312], [53.06868, 8.77317]]","[[53.0679781828076, 8.773648431524629]]",[45],2009-06-13 08:26:29,4556
0,711554064,"[[53.06794, 8.77564], [53.06801, 8.77528], [53.0680499, 8.77498], [53.06806, 8.77475], [53.06804, 8.7744799], [53.0679899, 8.7740499]]","[[53.06799469515679, 8.774746796116231]]",[45],2009-06-13 08:26:35,4556
0,711554064,"[[53.06794, 8.77564], [53.06801, 8.77528], [53.0680499, 8.77498], [53.06806, 8.77475], [53.06804, 8.7744799], [53.0679899, 8.7740499]]","[[53.067862931639006, 8.77556906081736]]",[41],2009-06-13 08:26:40,4556
0,711554064,"[[53.06794, 8.77564], [53.06801, 8.77528], [53.0680499, 8.77498], [53.06806, 8.77475], [53.06804, 8.7744799], [53.0679899, 8.7740499]]","[[53.0673170182854, 8.77623525448143]]",[38],2009-06-13 08:26:45,4556
0,711554088,"[[53.06617, 8.77735], [53.0663099, 8.7774899]]","[[53.066584523767204, 8.7769241631031]]",[39],2009-06-13 08:26:50,4556
0,711025100,"[[53.06502, 8.77909], [53.0657799, 8.77826]]","[[53.0656731594354, 8.77778104506433]]",[39],2009-06-13 08:26:56,4556
0,586532906,"[[53.06478, 8.7787399], [53.06606, 8.77745]]","[[53.0648037884384, 8.778730295598509]]",[43],2009-06-13 08:27:02,4556
0,802190376,"[[53.06366, 8.78057], [53.06423, 8.7795899]]","[[53.0641337390989, 8.779617520049209]]",[46],2009-06-13 08:27:07,4556
0,51881613,"[[53.06045, 8.7755], [53.06361, 8.7804799]]","[[53.0634536314756, 8.7806680239737]]",[48],2009-06-13 08:27:12,4556
0,810595987,"[[53.06177, 8.78374], [53.06182, 8.7836599], [53.0622099, 8.78306], [53.0626999, 8.7822899], [53.0632, 8.78145], [53.06371, 8.7806499]]","[[53.0626390781254, 8.78207526169717]]",[48],2009-06-13 08:27:18,4556
0,810595987,"[[53.06177, 8.78374], [53.06182, 8.7836599], [53.0622099, 8.78306], [53.0626999, 8.7822899], [53.0632, 8.78145], [53.06371, 8.7806499]]","[[53.0619479902089, 8.7832706887275]]",[48],2009-06-13 08:27:23,4556
0,810595986,"[[53.0608999, 8.78502], [53.0610599, 8.78479], [53.0613799, 8.78433], [53.06177, 8.78374]]","[[53.061179285868995, 8.78445723094046]]",[48],2009-06-13 08:27:28,4556
0,572219841,"[[53.06008, 8.7851799], [53.06038, 8.78509], [53.06046, 8.7850699], [53.0605699, 8.7850699]]","[[53.0603173747659, 8.785522738471629]]",[48],2009-06-13 08:27:33,4556
0,711554056,"[[53.05934, 8.78663], [53.06071, 8.7851099]]","[[53.0594497639686, 8.78648011945188]]",[49],2009-06-13 08:27:38,4556
0,711554057,"[[53.0576, 8.7883599], [53.05862, 8.78722], [53.05907, 8.7867799], [53.05934, 8.78663]]","[[53.058626241982005, 8.78745761699975]]",[50],2009-06-13 08:27:43,4556
0,711554057,"[[53.0576, 8.7883599], [53.05862, 8.78722], [53.05907, 8.7867799], [53.05934, 8.78663]]","[[53.05787522345779, 8.78851499408484]]",[50],2009-06-13 08:27:48,4556
0,711651042,"[[53.0571899, 8.78978], [53.05753, 8.7892399]]","[[53.057212717831106, 8.78963137976825]]",[49],2009-06-13 08:27:53,4556
0,711554054,"[[53.0572799, 8.78998], [53.05713, 8.7903999], [53.0570499, 8.79064], [53.05701, 8.7908799], [53.0570499, 8.7911799], [53.0571499, 8.79132], [53.0572799, 8.79139], [53.0573799, 8.7914099], [53.05767, 8.7913399]]","[[53.05668993853029, 8.79076327197254]]",[49],2009-06-13 08:27:58,4556
0,711554052,"[[53.0564999, 8.7916999], [53.0572799, 8.78998]]","[[53.056326918304, 8.79188275896013]]",[50],2009-06-13 08:28:03,4556
0,711546382,"[[53.05605, 8.79221], [53.05638, 8.79143]]","[[53.0559283588082, 8.792943824082611]]",[51],2009-06-13 08:28:08,4556
0,711546381,"[[53.0554099, 8.7942299], [53.05605, 8.79221]]","[[53.0556031409651, 8.7940048892051]]",[51],2009-06-13 08:28:13,4556
0,766663328,"[[53.05464, 8.79737], [53.0546299, 8.7970899], [53.05468, 8.79682], [53.0548499, 8.7961699], [53.05501, 8.79544], [53.05506, 8.79513], [53.0551799, 8.7947899], [53.05526, 8.79478], [53.0554, 8.79484], [53.05555, 8.7953199], [53.05569, 8.7956499], [53.05592, 8.79606]]","[[53.055235594511004, 8.79534934647381]]",[51],2009-06-13 08:28:19,4556
0,781638037,"[[53.0547899, 8.79779], [53.05507, 8.79651], [53.05519, 8.79593], [53.0554, 8.79484], [53.0555099, 8.79442]]","[[53.055088575929396, 8.79635115154088]]",[48],2009-06-13 08:28:24,4556
0,781638039,"[[53.05468, 8.7979699], [53.0548499, 8.7968299], [53.05504, 8.79585], [53.05526, 8.79478], [53.0554099, 8.7942299]]","[[53.0549350194633, 8.79691986367106]]",[48],2009-06-13 08:28:30,4556
0,781638039,"[[53.05468, 8.7979699], [53.0548499, 8.7968299], [53.05504, 8.79585], [53.05526, 8.79478], [53.0554099, 8.7942299]]","[[53.054902078583794, 8.797042826190589]]",[48],2009-06-13 08:28:35,4556
0,781638039,"[[53.05468, 8.7979699], [53.0548499, 8.7968299], [53.05504, 8.79585], [53.05526, 8.79478], [53.0554099, 8.7942299]]","[[53.0548963788897, 8.7970909383148]]",[49],2009-06-13 08:28:41,4556
0,781638039,"[[53.05468, 8.7979699], [53.0548499, 8.7968299], [53.05504, 8.79585], [53.05526, 8.79478], [53.0554099, 8.7942299]]","[[53.0548985581845, 8.79709219560027]]",[48],2009-06-13 08:28:46,4556
0,781638039,"[[53.05468, 8.7979699], [53.0548499, 8.7968299], [53.05504, 8.79585], [53.05526, 8.79478], [53.0554099, 8.7942299]]","[[53.0548987258226, 8.797092279419301]]",[48],2009-06-13 08:28:51,4556
0,781638039,"[[53.05468, 8.7979699], [53.0548499, 8.7968299], [53.05504, 8.79585], [53.05526, 8.79478], [53.0554099, 8.7942299]]","[[53.05488891899589, 8.79712983034551]]",[48],2009-06-13 08:28:56,4556
0,766663327,"[[53.05464, 8.79737], [53.0546599, 8.79767], [53.0546199, 8.79812], [53.05465, 8.79825]]","[[53.05479353293779, 8.797440798953179]]",[47],2009-06-13 08:29:01,4556
0,781638039,"[[53.05468, 8.7979699], [53.0548499, 8.7968299], [53.05504, 8.79585], [53.05526, 8.79478], [53.0554099, 8.7942299]]","[[53.0546433292329, 8.7979488261044]]",[47],2009-06-13 08:29:06,4556
0,779127178,"[[53.0546599, 8.79868], [53.0547599, 8.7990899]]","[[53.054590187966795, 8.79881643690169]]",[46],2009-06-13 08:29:13,4556
0,572248796,"[[53.0547599, 8.7990899], [53.05488, 8.7994799], [53.055, 8.79974]]","[[53.0547547247261, 8.7994407210499]]",[47],2009-06-13 08:29:18,4556
0,51882046,"[[53.0548499, 8.80003], [53.0549318, 8.7998716], [53.055, 8.79974]]","[[53.05470912717279, 8.799963248893619]]",[49],2009-06-13 08:29:23,4556
0,51882112,"[[53.05422, 8.8012], [53.0545687, 8.8005577], [53.0546599, 8.80039]]","[[53.05440712720161, 8.80055962130427]]",[49],2009-06-13 08:29:28,4556
0,762732452,"[[53.0529499, 8.8041], [53.05379, 8.80209]]","[[53.0538486409932, 8.80177742801607]]",[51],2009-06-13 08:29:35,4556
0,762732452,"[[53.0529499, 8.8041], [53.05379, 8.80209]]","[[53.0534052383155, 8.80275777541101]]",[50],2009-06-13 08:29:40,4556
0,762732451,"[[53.0527199, 8.80466], [53.0529499, 8.8041]]","[[53.0529116280377, 8.80393585190177]]",[52],2009-06-13 08:29:46,4556
0,762732451,"[[53.0527199, 8.80466], [53.0529499, 8.8041]]","[[53.0525350291282, 8.804936734959481]]",[52],2009-06-13 08:29:51,4556
0,51865408,"[[53.0518299, 8.8074299], [53.05209, 8.8065699], [53.05218, 8.80627]]","[[53.0521185323596, 8.80614716559649]]",[52],2009-06-13 08:29:57,4556
0,51865408,"[[53.0518299, 8.8074299], [53.05209, 8.8065699], [53.05218, 8.80627]]","[[53.051856430247405, 8.806967251002789]]",[52],2009-06-13 08:30:01,4556
0,799517967,"[[53.0514999, 8.8085099], [53.0516212, 8.8081105], [53.0517399, 8.8077199]]","[[53.0514804180712, 8.808209281414749]]",[53],2009-06-13 08:30:07,4556
0,51866677,"[[53.0510799, 8.8098599], [53.05123, 8.8093699]]","[[53.051172634586706, 8.809240926057099]]",[54],2009-06-13 08:30:12,4556
0,51866678,"[[53.0508, 8.81077], [53.0509389, 8.8103183], [53.0510799, 8.8098599]]","[[53.0508768372238, 8.81021859124303]]",[54],2009-06-13 08:30:17,4556
0,762732456,"[[53.05058, 8.81148], [53.05066, 8.8111999]]","[[53.0505168344826, 8.81138862110674]]",[55],2009-06-13 08:30:23,4556
0,51867645,"[[53.04997, 8.8136399], [53.05007, 8.81329], [53.0501899, 8.81289], [53.05028, 8.8126099], [53.05031, 8.8123899]]","[[53.0502143315971, 8.81235388107598]]",[55],2009-06-13 08:30:28,4556
0,586525585,"[[53.04992, 8.8134999], [53.05002, 8.81315], [53.05008, 8.81296]]","[[53.049878636375105, 8.81330832839012]]",[56],2009-06-13 08:30:33,4556
0,51867758,"[[53.0490399, 8.81627], [53.0491699, 8.81575], [53.0494099, 8.81489], [53.04956, 8.8144199], [53.04969, 8.81398], [53.04992, 8.8134999]]","[[53.0495228245854, 8.814293369650839]]",[55],2009-06-13 08:30:38,4556
0,762732449,"[[53.0483199, 8.81917], [53.0484899, 8.8185899], [53.0487696, 8.8175938], [53.0489, 8.81713], [53.0490478, 8.816592], [53.0493399, 8.81553]]","[[53.049213029444196, 8.815334821119901]]",[54],2009-06-13 08:30:43,4556
0,586532435,"[[53.04896, 8.81621], [53.0490399, 8.81627]]","[[53.04898671805861, 8.81616672500968]]",[53],2009-06-13 08:30:47,4556
0,51867717,"[[53.0487199, 8.8174399], [53.0490399, 8.81627]]","[[53.0486847180873, 8.81728612817824]]",[52],2009-06-13 08:30:53,4556
0,586525704,"[[53.04847, 8.81835], [53.0485862, 8.8179137], [53.04863, 8.81775]]","[[53.048548260703704, 8.817809158936141]]",[50],2009-06-13 08:30:59,4556
0,586525704,"[[53.04847, 8.81835], [53.0485862, 8.8179137], [53.04863, 8.81775]]","[[53.048506686464, 8.81796288304031]]",[50],2009-06-13 08:31:04,4556
0,586525704,"[[53.04847, 8.81835], [53.0485862, 8.8179137], [53.04863, 8.81775]]","[[53.0483739171177, 8.81838859990239]]",[49],2009-06-13 08:31:09,4556
0,724991084,"[[53.0482, 8.8188], [53.0483, 8.81871], [53.0483899, 8.81863]]","[[53.04826612584289, 8.81861885078251]]",[48],2009-06-13 08:31:14,4556
0,724991084,"[[53.0482, 8.8188], [53.0483, 8.81871], [53.0483899, 8.81863]]","[[53.048262018710396, 8.81862362846732]]",[48],2009-06-13 08:31:20,4556
0,51885324,"[[53.0971999, 8.78719], [53.09728, 8.78753], [53.0977499, 8.7889499]]","[[53.0973001755774, 8.78778954036534]]",[50],2009-06-13 08:19:49,4557
0,51885324,"[[53.0971999, 8.78719], [53.09728, 8.78753], [53.0977499, 8.7889499]]","[[53.0974415782839, 8.78822254948318]]",[49],2009-06-13 08:19:54,4557
0,51885324,"[[53.0971999, 8.78719], [53.09728, 8.78753], [53.0977499, 8.7889499]]","[[53.0975708272308, 8.78863971680403]]",[49],2009-06-13 08:19:59,4557
0,51885324,"[[53.0971999, 8.78719], [53.09728, 8.78753], [53.0977499, 8.7889499]]","[[53.097634445875904, 8.78884012810886]]",[52],2009-06-13 08:20:04,4557
0,51885324,"[[53.0971999, 8.78719], [53.09728, 8.78753], [53.0977499, 8.7889499]]","[[53.0976357869804, 8.78885538317263]]",[53],2009-06-13 08:20:09,4557
0,51885324,"[[53.0971999, 8.78719], [53.09728, 8.78753], [53.0977499, 8.7889499]]","[[53.097614748403394, 8.78896275535226]]",[53],2009-06-13 08:20:14,4557
0,51885293,"[[53.09732, 8.7893099], [53.0977499, 8.7889499]]","[[53.097379216924296, 8.789176326245071]]",[51],2009-06-13 08:20:19,4557
0,51885471,"[[53.09692, 8.7896999], [53.09732, 8.7893099]]","[[53.097002534195795, 8.789517134428019]]",[50],2009-06-13 08:20:24,4557
0,67948474,"[[53.09603, 8.7904299], [53.0966999, 8.7898699]]","[[53.0965500790626, 8.789923740550881]]",[49],2009-06-13 08:20:29,4557
0,67948474,"[[53.09603, 8.7904299], [53.0966999, 8.7898699]]","[[53.0961287207901, 8.790296567603951]]",[49],2009-06-13 08:20:34,4557
0,51885474,"[[53.09512, 8.7911799], [53.09534, 8.7911199], [53.0958499, 8.7907], [53.09593, 8.7906599]]","[[53.0957711488009, 8.7905665487051]]",[48],2009-06-13 08:20:39,4557
0,51885473,"[[53.09512, 8.7911799], [53.09567, 8.7907599], [53.09603, 8.7904299]]","[[53.095464957878, 8.790809791535139]]",[48],2009-06-13 08:20:44,4557
0,51885474,"[[53.09512, 8.7911799], [53.09534, 8.7911199], [53.0958499, 8.7907], [53.09593, 8.7906599]]","[[53.09534953907129, 8.79091984592378]]",[47],2009-06-13 08:20:49,4557
0,51885474,"[[53.09512, 8.7911799], [53.09534, 8.7911199], [53.0958499, 8.7907], [53.09593, 8.7906599]]","[[53.0953452643007, 8.79092638380826]]",[48],2009-06-13 08:20:54,4557
0,51885474,"[[53.09512, 8.7911799], [53.09534, 8.7911199], [53.0958499, 8.7907], [53.09593, 8.7906599]]","[[53.095343420282, 8.790930993855]]",[48],2009-06-13 08:20:59,4557
0,51885474,"[[53.09512, 8.7911799], [53.09534, 8.7911199], [53.0958499, 8.7907], [53.09593, 8.7906599]]","[[53.095342917367795, 8.79093132913113]]",[49],2009-06-13 08:21:04,4557
0,51885474,"[[53.09512, 8.7911799], [53.09534, 8.7911199], [53.0958499, 8.7907], [53.09593, 8.7906599]]","[[53.0953423306346, 8.79093158058822]]",[49],2009-06-13 08:21:09,4557
0,51885474,"[[53.09512, 8.7911799], [53.09534, 8.7911199], [53.0958499, 8.7907], [53.09593, 8.7906599]]","[[53.09534057043489, 8.790930826216941]]",[48],2009-06-13 08:21:14,4557
0,51885474,"[[53.09512, 8.7911799], [53.09534, 8.7911199], [53.0958499, 8.7907], [53.09593, 8.7906599]]","[[53.0953400675207, 8.7909344304353]]",[48],2009-06-13 08:21:19,4557
0,51885474,"[[53.09512, 8.7911799], [53.09534, 8.7911199], [53.0958499, 8.7907], [53.09593, 8.7906599]]","[[53.0953385587782, 8.790936358273031]]",[48],2009-06-13 08:21:24,4557
0,51885474,"[[53.09512, 8.7911799], [53.09534, 8.7911199], [53.0958499, 8.7907], [53.09593, 8.7906599]]","[[53.0953377205879, 8.79093694500625]]",[48],2009-06-13 08:21:29,4557
0,51885474,"[[53.09512, 8.7911799], [53.09534, 8.7911199], [53.0958499, 8.7907], [53.09593, 8.7906599]]","[[53.09525658376511, 8.79100944846869]]",[48],2009-06-13 08:21:34,4557
0,51885478,"[[53.0949299, 8.7913799], [53.09512, 8.7911799]]","[[53.094989117234896, 8.79123299382627]]",[47],2009-06-13 08:21:39,4557
0,51885497,"[[53.09419, 8.79198], [53.09463, 8.79162]]","[[53.094595922157204, 8.79156776703894]]",[46],2009-06-13 08:21:44,4557
0,51885497,"[[53.09419, 8.79198], [53.09463, 8.79162]]","[[53.094124523922794, 8.79196649417281]]",[46],2009-06-13 08:21:49,4557
0,67948481,"[[53.0931899, 8.7928], [53.0935, 8.79258], [53.09374, 8.79238]]","[[53.0936158262193, 8.792404364794491]]",[46],2009-06-13 08:21:54,4557
0,67948481,"[[53.0931899, 8.7928], [53.0935, 8.79258], [53.09374, 8.79238]]","[[53.093178793788006, 8.792759925127031]]",[45],2009-06-13 08:21:59,4557
0,67948481,"[[53.0931899, 8.7928], [53.0935, 8.79258], [53.09374, 8.79238]]","[[53.093002522364294, 8.79291892983019]]",[46],2009-06-13 08:22:04,4557
0,67948482,"[[53.0927999, 8.79311], [53.0931899, 8.7928]]","[[53.09298123233021, 8.79293267615139]]",[45],2009-06-13 08:22:09,4557
0,67948482,"[[53.0927999, 8.79311], [53.0931899, 8.7928]]","[[53.0929799750447, 8.792931418865921]]",[45],2009-06-13 08:22:14,4557
0,67948482,"[[53.0927999, 8.79311], [53.0931899, 8.7928]]","[[53.0929796397686, 8.7929321732372]]",[45],2009-06-13 08:22:19,4557
0,67948482,"[[53.0927999, 8.79311], [53.0931899, 8.7928]]","[[53.0929794721305, 8.79293368197978]]",[45],2009-06-13 08:22:24,4557
0,67948482,"[[53.0927999, 8.79311], [53.0931899, 8.7928]]","[[53.0929797235876, 8.79293452017009]]",[44],2009-06-13 08:22:29,4557
0,67948482,"[[53.0927999, 8.79311], [53.0931899, 8.7928]]","[[53.0929802265018, 8.79293552599847]]",[44],2009-06-13 08:22:34,4557
0,67948482,"[[53.0927999, 8.79311], [53.0931899, 8.7928]]","[[53.0928311962634, 8.79306494258344]]",[44],2009-06-13 08:22:39,4557
0,51885482,"[[53.09255, 8.7933199], [53.0927999, 8.79311]]","[[53.092491729185, 8.79333953373134]]",[44],2009-06-13 08:22:44,4557
0,51933267,"[[53.09199, 8.7938099], [53.09238, 8.7935], [53.09255, 8.7933199]]","[[53.092026198282795, 8.7937144562602]]",[44],2009-06-13 08:22:49,4557
0,724414855,"[[53.09056, 8.7952199], [53.0907022, 8.7950927], [53.0908364, 8.7949726], [53.0912867, 8.7945697], [53.0916426, 8.7942512], [53.0917693, 8.7941378], [53.09189, 8.79403]]","[[53.0914983898401, 8.79417705349624]]",[45],2009-06-13 08:22:54,4557
0,724414855,"[[53.09056, 8.7952199], [53.0907022, 8.7950927], [53.0908364, 8.7949726], [53.0912867, 8.7945697], [53.0916426, 8.7942512], [53.0917693, 8.7941378], [53.09189, 8.79403]]","[[53.0909258220345, 8.79466722719371]]",[44],2009-06-13 08:22:59,4557
0,762795800,"[[53.08918, 8.79636], [53.0894385, 8.7961511], [53.0895676, 8.7960466], [53.0897, 8.7959399], [53.0900262, 8.7956668], [53.0902589, 8.795472], [53.0904434, 8.7953175], [53.09056, 8.7952199]]","[[53.090348392725, 8.79515312612057]]",[44],2009-06-13 08:23:04,4557
0,51885534,"[[53.0898099, 8.7956399], [53.0918099, 8.79395]]","[[53.089746069163105, 8.795636845752599]]",[44],2009-06-13 08:23:09,4557
0,51883586,"[[53.0874499, 8.7972199], [53.0877099, 8.7971499], [53.08793, 8.79701], [53.0880699, 8.79685], [53.0883314, 8.7965983], [53.0885999, 8.7963399], [53.0888334, 8.7962108], [53.08907, 8.79608], [53.0893503, 8.7959046], [53.08963, 8.79573], [53.0898099, 8.7956399]]","[[53.089070823043606, 8.79605208523571]]",[44],2009-06-13 08:23:14,4557
0,51883586,"[[53.0874499, 8.7972199], [53.0877099, 8.7971499], [53.08793, 8.79701], [53.0880699, 8.79685], [53.0883314, 8.7965983], [53.0885999, 8.7963399], [53.0888334, 8.7962108], [53.08907, 8.79608], [53.0893503, 8.7959046], [53.08963, 8.79573], [53.0898099, 8.7956399]]","[[53.0882719438523, 8.79658844321966]]",[43],2009-06-13 08:23:20,4557
0,51883586,"[[53.0874499, 8.7972199], [53.0877099, 8.7971499], [53.08793, 8.79701], [53.0880699, 8.79685], [53.0883314, 8.7965983], [53.0885999, 8.7963399], [53.0888334, 8.7962108], [53.08907, 8.79608], [53.0893503, 8.7959046], [53.08963, 8.79573], [53.0898099, 8.7956399]]","[[53.0876912456006, 8.79709714092314]]",[46],2009-06-13 08:23:25,4557
0,51883509,"[[53.0857099, 8.7955], [53.0863999, 8.7963999], [53.0865778, 8.7966096], [53.08668, 8.7967299], [53.08677, 8.79682], [53.0869199, 8.7969599], [53.0871, 8.7971], [53.0873, 8.79718], [53.0874499, 8.7972199]]","[[53.0870803724974, 8.797035785391929]]",[50],2009-06-13 08:23:30,4557
0,51883509,"[[53.0857099, 8.7955], [53.0863999, 8.7963999], [53.0865778, 8.7966096], [53.08668, 8.7967299], [53.08677, 8.79682], [53.0869199, 8.7969599], [53.0871, 8.7971], [53.0873, 8.79718], [53.0874499, 8.7972199]]","[[53.0864689964801, 8.79646891728044]]",[52],2009-06-13 08:23:35,4557
0,51883564,"[[53.0857099, 8.7955], [53.0858498, 8.7956348], [53.08599, 8.79577], [53.0861598, 8.7959363], [53.0863298, 8.796103], [53.08649, 8.79626], [53.08665, 8.7964299], [53.0868, 8.7965699], [53.08687, 8.7966599], [53.08714, 8.79694], [53.0873, 8.79718], [53.0874, 8.7974199], [53.0874799, 8.7976499], [53.08754, 8.79795], [53.08756, 8.79815], [53.08757, 8.7983699], [53.08756, 8.79875]]","[[53.0858480650932, 8.79569199867547]]",[54],2009-06-13 08:23:40,4557
0,724247767,"[[53.08483, 8.7943999], [53.08517, 8.7949199]]","[[53.08521799743179, 8.79477183334529]]",[58],2009-06-13 08:23:45,4557
0,723434427,"[[53.08425, 8.7935499], [53.08468, 8.7940399], [53.08488, 8.79426]]","[[53.0845707468688, 8.793868683278559]]",[59],2009-06-13 08:23:50,4557
0,723434426,"[[53.08372, 8.7930799], [53.0838699, 8.7931899], [53.08402, 8.7933099], [53.08425, 8.7935499]]","[[53.0838487297297, 8.79314775578678]]",[57],2009-06-13 08:23:55,4557
0,711674428,"[[53.08284, 8.79228], [53.083199, 8.7925456], [53.0834457, 8.7927281], [53.0835699, 8.7928199]]","[[53.083070050924995, 8.79256655462086]]",[57],2009-06-13 08:24:00,4557
0,586532797,"[[53.0812099, 8.79124], [53.0813654, 8.7913565], [53.0815129, 8.791467], [53.0819631, 8.7918047], [53.0822496, 8.7920196], [53.0825299, 8.7922299], [53.0827199, 8.79235]]","[[53.0822714231908, 8.792002787813539]]",[55],2009-06-13 08:24:05,4557
0,586532797,"[[53.0812099, 8.79124], [53.0813654, 8.7913565], [53.0815129, 8.791467], [53.0819631, 8.7918047], [53.0822496, 8.7920196], [53.0825299, 8.7922299], [53.0827199, 8.79235]]","[[53.0814770702273, 8.79142452031374]]",[53],2009-06-13 08:24:10,4557
0,554749725,"[[53.0801299, 8.7904299], [53.0804815, 8.790696], [53.08083, 8.79096]]","[[53.0807005707175, 8.79085295833647]]",[54],2009-06-13 08:24:15,4557
0,554749724,"[[53.07935, 8.7898399], [53.0797424, 8.7901367], [53.0801299, 8.7904299]]","[[53.0799191258848, 8.7902747746557]]",[54],2009-06-13 08:24:20,4557
0,51883141,"[[53.0789799, 8.78956], [53.07935, 8.7898399]]","[[53.0791333224624, 8.78968426957726]]",[53],2009-06-13 08:24:25,4557
0,51883083,"[[53.07656, 8.78778], [53.0768105, 8.7879458], [53.0771951, 8.7882001], [53.0775543, 8.7884378], [53.077738, 8.7885593], [53.0779215, 8.7886806], [53.0783628, 8.7889726], [53.07851, 8.78907], [53.0787405, 8.7893104], [53.0789799, 8.78956]]","[[53.078347351401995, 8.78909988328815]]",[53],2009-06-13 08:24:30,4557
0,51883083,"[[53.07656, 8.78778], [53.0768105, 8.7879458], [53.0771951, 8.7882001], [53.0775543, 8.7884378], [53.077738, 8.7885593], [53.0779215, 8.7886806], [53.0783628, 8.7889726], [53.07851, 8.78907], [53.0787405, 8.7893104], [53.0789799, 8.78956]]","[[53.0775587819517, 8.788562770932911]]",[52],2009-06-13 08:24:35,4557
0,51883083,"[[53.07656, 8.78778], [53.0768105, 8.7879458], [53.0771951, 8.7882001], [53.0775543, 8.7884378], [53.077738, 8.7885593], [53.0779215, 8.7886806], [53.0783628, 8.7889726], [53.07851, 8.78907], [53.0787405, 8.7893104], [53.0789799, 8.78956]]","[[53.0767682846636, 8.78804736770689]]",[53],2009-06-13 08:24:40,4557
0,67948599,"[[53.07457, 8.78651], [53.07582, 8.78742], [53.0765199, 8.78789]]","[[53.075986336916706, 8.78754135221243]]",[53],2009-06-13 08:24:45,4557
0,51883082,"[[53.07463, 8.7863899], [53.07561, 8.78716], [53.07656, 8.78778]]","[[53.0752072390169, 8.78699677996337]]",[54],2009-06-13 08:24:50,4557
0,67948598,"[[53.0720899, 8.78427], [53.0724218, 8.7846215], [53.072641, 8.7848539], [53.07276, 8.7849799], [53.07325, 8.7854399], [53.0735699, 8.7856999], [53.0744799, 8.78644], [53.07457, 8.78651]]","[[53.074426380917394, 8.786417590454219]]",[54],2009-06-13 08:24:55,4557
0,51869460,"[[53.0502899, 8.8841], [53.0504422, 8.8840798], [53.0508902, 8.8840202], [53.0512699, 8.88397]]","[[53.0503877531737, 8.88407371938229]]",[62],2009-06-12 08:28:03,4558
0,51869456,"[[53.0503299, 8.8853899], [53.0507916, 8.8852093], [53.05125, 8.8850299], [53.0514756, 8.8849034], [53.0517056, 8.8847748], [53.0519098, 8.8846604], [53.05225, 8.8844699], [53.0523923, 8.8843781], [53.0525515, 8.8842754], [53.05287, 8.8840699]]","[[53.0506896693259, 8.88516646809876]]",[61],2009-06-12 08:28:27,4558
0,51869456,"[[53.0503299, 8.8853899], [53.0507916, 8.8852093], [53.05125, 8.8850299], [53.0514756, 8.8849034], [53.0517056, 8.8847748], [53.0519098, 8.8846604], [53.05225, 8.8844699], [53.0523923, 8.8843781], [53.0525515, 8.8842754], [53.05287, 8.8840699]]","[[53.05147647857671, 8.88481635600328]]",[61],2009-06-12 08:28:32,4558
0,572245501,"[[53.0605699, 8.87963], [53.06078, 8.8791199], [53.0611532, 8.878104], [53.06182, 8.8762899], [53.06206, 8.87559]]","[[53.0612095445395, 8.87813757173717]]",[51],2009-06-12 08:29:46,4558
0,572245497,"[[53.06072, 8.8795499], [53.0608299, 8.87924], [53.06128, 8.87801], [53.06193, 8.87632]]","[[53.06147893890739, 8.877389486879109]]",[49],2009-06-12 08:29:51,4558
0,51888876,"[[53.06137, 8.87808], [53.0619, 8.87655], [53.06222, 8.8757399]]","[[53.0618127901107, 8.87656814418733]]",[46],2009-06-12 08:29:57,4558
0,572245497,"[[53.06072, 8.8795499], [53.0608299, 8.87924], [53.06128, 8.87801], [53.06193, 8.87632]]","[[53.061920078471296, 8.87614502571523]]",[45],2009-06-12 08:30:02,4558
0,572245497,"[[53.06072, 8.8795499], [53.0608299, 8.87924], [53.06128, 8.87801], [53.06193, 8.87632]]","[[53.0619374290109, 8.876087274402382]]",[44],2009-06-12 08:30:08,4558
0,572245497,"[[53.06072, 8.8795499], [53.0608299, 8.87924], [53.06128, 8.87801], [53.06193, 8.87632]]","[[53.061938518658295, 8.876094063743949]]",[43],2009-06-12 08:30:13,4558
0,572245497,"[[53.06072, 8.8795499], [53.0608299, 8.87924], [53.06128, 8.87801], [53.06193, 8.87632]]","[[53.0619366746396, 8.87609481811523]]",[43],2009-06-12 08:30:18,4558
0,572245497,"[[53.06072, 8.8795499], [53.0608299, 8.87924], [53.06128, 8.87801], [53.06193, 8.87632]]","[[53.0619365908206, 8.876097751781339]]",[43],2009-06-12 08:30:23,4558
0,572245497,"[[53.06072, 8.8795499], [53.0608299, 8.87924], [53.06128, 8.87801], [53.06193, 8.87632]]","[[53.061930555850296, 8.87609372846782]]",[43],2009-06-12 08:30:28,4558
0,572245497,"[[53.06072, 8.8795499], [53.0608299, 8.87924], [53.06128, 8.87801], [53.06193, 8.87632]]","[[53.0619347468019, 8.87605885975063]]",[44],2009-06-12 08:30:33,4558
0,572245502,"[[53.06206, 8.87559], [53.06236, 8.87471], [53.0631599, 8.8725]]","[[53.062067180872, 8.87573112733662]]",[46],2009-06-12 08:30:38,4558
0,51872134,"[[53.06216, 8.8756699], [53.0624299, 8.87481]]","[[53.062268178909996, 8.87511983513832]]",[46],2009-06-12 08:30:43,4558
0,51888871,"[[53.06222, 8.8757399], [53.06255, 8.8747799], [53.0633199, 8.8726499]]","[[53.0625299457461, 8.87439144775271]]",[46],2009-06-12 08:30:48,4558
0,51888871,"[[53.06222, 8.8757399], [53.06255, 8.8747799], [53.0633199, 8.8726499]]","[[53.0627719312906, 8.87363196350634]]",[46],2009-06-12 08:30:53,4558
0,572245505,"[[53.0631599, 8.8725], [53.0639499, 8.87028]]","[[53.063045181334, 8.8729901611805]]",[48],2009-06-12 08:30:58,4558
0,83733403,"[[53.0624299, 8.87481], [53.06324, 8.8725499]]","[[53.063285825774095, 8.87230083346367]]",[48],2009-06-12 08:31:03,4558
0,51888872,"[[53.0633199, 8.8726499], [53.0637799, 8.87133], [53.06384, 8.8708799]]","[[53.0635696370155, 8.87165945023298]]",[48],2009-06-12 08:31:07,4558
0,726159762,"[[53.06384, 8.8708799], [53.06397, 8.87051]]","[[53.0639126244932, 8.87065722607076]]",[48],2009-06-12 08:31:13,4558
0,726159763,"[[53.06397, 8.87051], [53.0641409, 8.8700189], [53.0642799, 8.86962]]","[[53.0641158856452, 8.870079880580311]]",[47],2009-06-12 08:31:18,4558
0,51888873,"[[53.0642799, 8.86962], [53.0646399, 8.8700599], [53.0648699, 8.8702599]]","[[53.0645147804171, 8.87001852504909]]",[45],2009-06-12 08:31:24,4558
0,51888873,"[[53.0642799, 8.86962], [53.0646399, 8.8700599], [53.0648699, 8.8702599]]","[[53.0647219810635, 8.87018473818898]]",[44],2009-06-12 08:31:29,4558
0,51888873,"[[53.0642799, 8.86962], [53.0646399, 8.8700599], [53.0648699, 8.8702599]]","[[53.0647291895002, 8.87017233297229]]",[42],2009-06-12 08:31:34,4558
0,51888873,"[[53.0642799, 8.86962], [53.0646399, 8.8700599], [53.0648699, 8.8702599]]","[[53.0647284351289, 8.870176523923869]]",[40],2009-06-12 08:31:39,4558
0,51888873,"[[53.0642799, 8.86962], [53.0646399, 8.8700599], [53.0648699, 8.8702599]]","[[53.064738074317596, 8.870177948847411]]",[40],2009-06-12 08:31:44,4558
0,726159764,"[[53.0648699, 8.8702599], [53.06501, 8.8703599]]","[[53.064979724586, 8.87033963575959]]",[40],2009-06-12 08:31:49,4558
0,726159767,"[[53.06505, 8.8702299], [53.06512, 8.87027], [53.0652299, 8.87034], [53.0656, 8.87064], [53.0666099, 8.8714999]]","[[53.0651244800538, 8.870329242199661]]",[39],2009-06-12 08:31:54,4558
0,781554862,"[[53.0655599, 8.8707799], [53.06597, 8.8711399], [53.0664399, 8.8715299], [53.06659, 8.87166]]","[[53.0656240414828, 8.870762838050721]]",[38],2009-06-12 08:31:59,4558
0,781554862,"[[53.0655599, 8.8707799], [53.06597, 8.8711399], [53.0664399, 8.8715299], [53.06659, 8.87166]]","[[53.0661470722407, 8.87122468091547]]",[39],2009-06-12 08:32:04,4558
0,781554862,"[[53.0655599, 8.8707799], [53.06597, 8.8711399], [53.0664399, 8.8715299], [53.06659, 8.87166]]","[[53.0665755551308, 8.871600525453688]]",[39],2009-06-12 08:32:09,4558
0,51872092,"[[53.06659, 8.87166], [53.06695, 8.87205], [53.06711, 8.87221], [53.06718, 8.87228], [53.06724, 8.87241]]","[[53.0668556783348, 8.87184049934149]]",[40],2009-06-12 08:32:14,4558
0,51872092,"[[53.06659, 8.87166], [53.06695, 8.87205], [53.06711, 8.87221], [53.06718, 8.87228], [53.06724, 8.87241]]","[[53.06691267527639, 8.87189758010209]]",[41],2009-06-12 08:32:19,4558
0,51872092,"[[53.06659, 8.87166], [53.06695, 8.87205], [53.06711, 8.87221], [53.06718, 8.87228], [53.06724, 8.87241]]","[[53.0669162794948, 8.87189246714115]]",[40],2009-06-12 08:32:24,4558
0,51872092,"[[53.06659, 8.87166], [53.06695, 8.87205], [53.06711, 8.87221], [53.06718, 8.87228], [53.06724, 8.87241]]","[[53.0669212248176, 8.87188517488539]]",[40],2009-06-12 08:32:29,4558
0,51872092,"[[53.06659, 8.87166], [53.06695, 8.87205], [53.06711, 8.87221], [53.06718, 8.87228], [53.06724, 8.87241]]","[[53.06693614460529, 8.871889282017948]]",[39],2009-06-12 08:32:34,4558
0,51872092,"[[53.06659, 8.87166], [53.06695, 8.87205], [53.06711, 8.87221], [53.06718, 8.87228], [53.06724, 8.87241]]","[[53.06694528087971, 8.87189665809274]]",[38],2009-06-12 08:32:39,4558
0,51872092,"[[53.06659, 8.87166], [53.06695, 8.87205], [53.06711, 8.87221], [53.06718, 8.87228], [53.06724, 8.87241]]","[[53.066967241465996, 8.87191887013614]]",[38],2009-06-12 08:32:44,4558
0,51872092,"[[53.06659, 8.87166], [53.06695, 8.87205], [53.06711, 8.87221], [53.06718, 8.87228], [53.06724, 8.87241]]","[[53.0671654734761, 8.87211634777486]]",[37],2009-06-12 08:32:49,4558
0,51872100,"[[53.0666099, 8.8714999], [53.06715, 8.87194], [53.0672999, 8.87207], [53.06738, 8.87218]]","[[53.0674884282053, 8.87221743352711]]",[36],2009-06-12 08:32:54,4558
0,797897590,"[[53.0676499, 8.87201], [53.06803, 8.8711099]]","[[53.067780537530794, 8.87163992039859]]",[36],2009-06-12 08:32:59,4558
0,797897591,"[[53.06803, 8.8711099], [53.06819, 8.87083]]","[[53.068156717345104, 8.87079829350114]]",[38],2009-06-12 08:33:04,4558
0,67948714,"[[53.06814, 8.87074], [53.06952, 8.86788]]","[[53.0685841944069, 8.86993252672255]]",[40],2009-06-12 08:33:09,4558
0,51872116,"[[53.06819, 8.87083], [53.0696, 8.8679899]]","[[53.0690415948629, 8.86903842911124]]",[40],2009-06-12 08:33:14,4558
0,51872116,"[[53.06819, 8.87083], [53.0696, 8.8679899]]","[[53.0695021804422, 8.86813636869192]]",[41],2009-06-12 08:33:19,4558
0,51872117,"[[53.0696, 8.8679899], [53.0702199, 8.86669], [53.0704, 8.86616]]","[[53.06994759477679, 8.867246378213169]]",[42],2009-06-12 08:33:24,4558
0,51872117,"[[53.0696, 8.8679899], [53.0702199, 8.86669], [53.0704, 8.86616]]","[[53.07036006823179, 8.86628036387265]]",[43],2009-06-12 08:33:29,4558
0,51888868,"[[53.0704, 8.86616], [53.0710099, 8.8643799]]","[[53.0707150418311, 8.86524293571711]]",[43],2009-06-12 08:33:34,4558
0,51888868,"[[53.0704, 8.86616], [53.0710099, 8.8643799]]","[[53.0710786487907, 8.86422394774854]]",[44],2009-06-12 08:33:39,4558
0,51872232,"[[53.07112, 8.8637299], [53.07131, 8.86315], [53.07141, 8.86266], [53.07154, 8.8623499]]","[[53.0714009329677, 8.863172857090829]]",[44],2009-06-12 08:33:44,4558
0,51872238,"[[53.0713699, 8.8633599], [53.0714999, 8.86272], [53.07154, 8.8623499]]","[[53.071666220203, 8.86198899708688]]",[44],2009-06-12 08:33:49,4558
0,51872238,"[[53.0713699, 8.8633599], [53.0714999, 8.86272], [53.07154, 8.8623499]]","[[53.0719184316695, 8.86073414236307]]",[46],2009-06-12 08:33:54,4558
0,51873076,"[[53.07154, 8.8623499], [53.07247, 8.8581799]]","[[53.0721632670611, 8.85956034064293]]",[47],2009-06-12 08:33:59,4558
0,51873076,"[[53.07154, 8.8623499], [53.07247, 8.8581799]]","[[53.0723916739225, 8.85857982560992]]",[47],2009-06-12 08:34:04,4558
0,51873076,"[[53.07154, 8.8623499], [53.07247, 8.8581799]]","[[53.072580518201, 8.85773912072182]]",[47],2009-06-12 08:34:09,4558
0,51873075,"[[53.07247, 8.8581799], [53.07267, 8.85694]]","[[53.07264698669311, 8.85745908133686]]",[46],2009-06-12 08:34:14,4558
0,51873075,"[[53.07247, 8.8581799], [53.07267, 8.85694]]","[[53.0727167241275, 8.85706152766943]]",[44],2009-06-12 08:34:19,4558
0,811152825,"[[53.0728, 8.85633], [53.0731699, 8.8546299]]","[[53.0728402733803, 8.8562981877476]]",[44],2009-06-12 08:34:24,4558
0,811152825,"[[53.0728, 8.85633], [53.0731699, 8.8546299]]","[[53.0730471387506, 8.855286324396731]]",[44],2009-06-12 08:34:29,4558
0,811152825,"[[53.0728, 8.85633], [53.0731699, 8.8546299]]","[[53.07328602299089, 8.8541741296649]]",[45],2009-06-12 08:34:34,4558
0,811152826,"[[53.0731699, 8.8546299], [53.0736299, 8.8524699]]","[[53.0735122505575, 8.85308255441487]]",[45],2009-06-12 08:34:39,4558
0,51872166,"[[53.0710099, 8.8643799], [53.07119, 8.86384]]","[[53.0713192932308, 8.86401926167309]]",[49],2009-06-12 08:18:15,4559
0,51872166,"[[53.0710099, 8.8643799], [53.07119, 8.86384]]","[[53.071320131421096, 8.8640187587589]]",[49],2009-06-12 08:18:21,4559
0,51872166,"[[53.0710099, 8.8643799], [53.07119, 8.86384]]","[[53.071320131421096, 8.86401792056859]]",[49],2009-06-12 08:18:26,4559
